transfer_ground_truth_rep0	1790667218	1790670012	done
move_ground_truth_rep0	1790670012	1790672050	done
stir_ground_truth_rep0	1790672050	1790675097	done
transfer_perception_rep0	1790675097	1790679283	done
pddlstream_transfer_ps0	1790679283	1790680314	done
pddlstream_move_ps0	1790680314	1790680319	done
pddlstream_stir_ps0	1790680319	1790680357	done
llm_xdl_generator	1790680357	1790680498	done
llm_ar_heldout_split2400	1790680498	1790680551	done
llm_ar_unseen_control_in_distribution	1790680551	1790680583	done
llm_ar_unseen_L1_unseen_class	1790680583	1790680699	done
llm_ar_unseen_L2_unseen_layout	1790680699	1790680715	done
llm_ar_unseen_L3_unseen_pair	1790680715	1790680740	done
