timestamp,seed,task,planner,robot,plan_success,planning_time_s,failure_reason,beaker_xy,flask_xy,max_time_s,planner_seed,restart,attempts,first_attempt_success,first_attempt_time_s,state_source,perc_beaker_xy,perc_flask_xy,perc_beaker_source,perc_flask_source
2026-10-01T13:31:43,0,transfer,pddlstream,fr5_ag95,1,0.7484809249872342,,0.5007;0.1977,0.5273;0.3632,180.0,0,1,1,1,0.7484809249872342,perception,0.5016;0.1998,0.5296;0.3657,fixed,fixed
2026-10-01T13:31:43,1,transfer,pddlstream,fr5_ag95,1,0.4929469730122946,,0.5228;0.1657,0.4366;0.3570,180.0,0,1,1,1,0.4929469730122946,perception,0.5236;0.1674,0.4382;0.3574,fixed,fixed
2026-10-01T13:31:50,2,transfer,pddlstream,fr5_ag95,1,6.52608512097504,,0.4588;0.1303,0.4996;0.3379,180.0,0,1,2,0,4.717278878000798,perception,0.4620;0.1287,0.5000;0.3409,fixed,fixed
2026-10-01T13:31:52,3,transfer,pddlstream,fr5_ag95,1,1.9358755389985163,,0.4879;0.1407,0.4452;0.3208,180.0,0,1,1,1,1.9358755389985163,perception,0.4873;0.1458,0.4478;0.3204,fixed,fixed
2026-10-01T13:31:53,4,transfer,pddlstream,fr5_ag95,1,1.3665571869933046,,0.5202;0.1422,0.4882;0.3719,180.0,0,1,1,1,1.3665571869933046,perception,0.5217;0.1425,0.4872;0.3737,fixed,fixed
2026-10-01T13:31:54,5,transfer,pddlstream,fr5_ag95,1,1.1977807579969522,,0.4808;0.1293,0.5337;0.3469,180.0,0,1,1,1,1.1977807579969522,perception,0.4834;0.1309,0.5327;0.3505,fixed,fixed
2026-10-01T13:32:01,6,transfer,pddlstream,fr5_ag95,1,6.061764102982124,,0.5074;0.1577,0.4461;0.2868,180.0,0,1,1,1,6.061764102982124,perception,0.5098;0.1572,0.4465;0.2889,fixed,fixed
2026-10-01T13:32:01,7,transfer,pddlstream,fr5_ag95,1,0.5691988810140174,,0.4405;0.2069,0.4806;0.3120,180.0,0,1,1,1,0.5691988810140174,perception,0.4416;0.2095,0.4815;0.3125,fixed,fixed
2026-10-01T13:32:07,8,transfer,pddlstream,fr5_ag95,1,5.876931037986651,,0.4838;0.1620,0.4817;0.3058,180.0,0,1,1,1,5.876931037986651,perception,0.4854;0.1620,0.4830;0.3064,fixed,fixed
2026-10-01T13:35:07,9,transfer,pddlstream,fr5_ag95,0,180.07671892098733,no_plan_within_budget,0.5260;0.2166,0.4776;0.3302,180.0,0,1,1,0,180.07671892098733,perception,0.5297;0.2162,0.4775;0.3329,fixed,fixed
2026-10-01T13:35:08,10,transfer,pddlstream,fr5_ag95,1,0.5621628119843081,,0.5089;0.2089,0.5295;0.3642,180.0,0,1,1,1,0.5621628119843081,perception,0.5156;0.2076,0.5318;0.3653,fixed,fixed
2026-10-01T13:38:08,11,transfer,pddlstream,fr5_ag95,0,180.00614464402315,no_plan_within_budget,0.4470;0.1377,0.4960;0.3186,180.0,0,1,1,0,180.00614464402315,perception,0.4508;0.1390,0.4986;0.3204,fixed,fixed
2026-10-01T13:41:08,12,transfer,pddlstream,fr5_ag95,0,180.36764001299161,no_plan_within_budget,0.5070;0.1363,0.5196;0.2819,180.0,0,1,1,0,180.36764001299161,perception,0.5069;0.1373,0.5212;0.2830,fixed,fixed
2026-10-01T13:44:09,13,transfer,pddlstream,fr5_ag95,0,180.00764689198695,no_plan_within_budget,0.5014;0.1250,0.5323;0.3103,180.0,0,1,1,0,180.00764689198695,perception,0.5028;0.1234,0.5336;0.3122,fixed,fixed
2026-10-01T13:44:10,14,transfer,pddlstream,fr5_ag95,1,1.42054733299301,,0.5162;0.1964,0.4911;0.3563,180.0,0,1,1,1,1.42054733299301,perception,0.5196;0.1958,0.4924;0.3587,fixed,fixed
2026-10-01T13:44:10,15,transfer,pddlstream,fr5_ag95,1,0.3548519070027396,,0.5119;0.1593,0.5314;0.3598,180.0,0,1,1,1,0.3548519070027396,perception,0.5160;0.1593,0.5328;0.3608,fixed,fixed
2026-10-01T13:47:11,16,transfer,pddlstream,fr5_ag95,0,180.00595478899777,no_plan_within_budget,0.5275;0.2102,0.5030;0.3775,180.0,0,1,1,0,180.00595478899777,perception,0.5293;0.2121,0.5034;0.3802,fixed,fixed
2026-10-01T13:47:12,17,transfer,pddlstream,fr5_ag95,1,0.9597836380125955,,0.4828;0.1859,0.4354;0.3071,180.0,0,1,1,1,0.9597836380125955,perception,0.4857;0.1892,0.4352;0.3087,recovery,fixed
2026-10-01T13:47:13,18,transfer,pddlstream,fr5_ag95,1,1.4863421980116982,,0.5044;0.1824,0.4461;0.3130,180.0,0,1,1,1,1.4863421980116982,perception,0.5071;0.1830,0.4461;0.3171,fixed,fixed
2026-10-01T13:50:13,19,transfer,pddlstream,fr5_ag95,0,180.0043274089985,no_plan_within_budget,0.5181;0.1786,0.5255;0.3745,180.0,0,1,1,0,180.0043274089985,perception,0.5194;0.1804,0.5277;0.3739,fixed,fixed
2026-10-01T13:50:26,20,transfer,pddlstream,fr5_ag95,1,12.798386623995611,,0.4499;0.2234,0.4787;0.3457,180.0,0,1,2,0,0.2948031159758102,perception,0.4527;0.2246,0.4832;0.3425,fixed,fixed
2026-10-01T13:53:26,21,transfer,pddlstream,fr5_ag95,0,180.00471937897964,no_plan_within_budget,0.4823;0.1360,0.5014;0.3014,180.0,0,1,1,0,180.00471937897964,perception,0.4854;0.1379,0.5034;0.3004,fixed,fixed
2026-10-01T13:56:26,22,transfer,pddlstream,fr5_ag95,0,180.00561993097654,no_plan_within_budget,0.5252;0.2084,0.4894;0.3424,180.0,0,1,2,0,8.758032894984353,perception,0.5274;0.2110,0.4923;0.3437,fixed,fixed
2026-10-01T13:56:27,23,transfer,pddlstream,fr5_ag95,1,1.2048372229910456,,0.4602;0.1466,0.4809;0.3232,180.0,0,1,1,1,1.2048372229910456,perception,0.4633;0.1461,0.4830;0.3231,fixed,fixed
2026-10-01T13:56:30,24,transfer,pddlstream,fr5_ag95,1,2.9996824449917767,,0.5274;0.1334,0.5159;0.3529,180.0,0,1,2,0,0.7609646019991487,perception,0.5267;0.1394,0.5186;0.3528,fixed,fixed
2026-10-01T13:59:31,25,transfer,pddlstream,fr5_ag95,0,180.7753955410153,no_plan_within_budget,0.5391;0.2034,0.4564;0.3583,180.0,0,1,3,0,6.665243546012789,perception,0.5402;0.2042,0.4586;0.3589,fixed,fixed
2026-10-01T13:59:32,26,transfer,pddlstream,fr5_ag95,1,0.4291141220019199,,0.5034;0.1417,0.4514;0.3323,180.0,0,1,1,1,0.4291141220019199,perception,0.5052;0.1435,0.4530;0.3338,fixed,fixed
2026-10-01T13:59:35,27,transfer,pddlstream,fr5_ag95,1,2.7062361809948925,,0.4410;0.1446,0.5282;0.3220,180.0,0,1,1,1,2.7062361809948925,perception,0.4436;0.1468,0.5315;0.3223,fixed,fixed
2026-10-01T13:59:35,28,transfer,pddlstream,fr5_ag95,1,0.656313194980612,,0.5276;0.2198,0.5123;0.3146,180.0,0,1,1,1,0.656313194980612,perception,0.5307;0.2191,0.5125;0.3173,fixed,fixed
2026-10-01T14:00:33,29,transfer,pddlstream,fr5_ag95,1,57.19616286098608,,0.4794;0.1628,0.4577;0.3605,180.0,0,1,1,1,57.19616286098608,perception,0.4816;0.1627,0.4578;0.3619,fixed,fixed
