timestamp,seed,task,planner,robot,plan_success,planning_time_s,failure_reason,beaker_xy,flask_xy,max_time_s,planner_seed,restart,attempts,first_attempt_success,first_attempt_time_s
2026-09-30T18:03:00,0,move,pddlstream,fr5_vgc10_pb,1,0.09152430499671027,,0.5007;0.1977,0.5273;0.3632,180.0,0,1,1,1,0.09152430499671027
2026-09-30T18:03:01,1,move,pddlstream,fr5_vgc10_pb,1,0.08119527201051824,,0.5228;0.1657,0.4366;0.3570,180.0,0,1,1,1,0.08119527201051824
2026-09-30T18:03:01,2,move,pddlstream,fr5_vgc10_pb,1,0.05402784299803898,,0.4588;0.1303,0.4996;0.3379,180.0,0,1,1,1,0.05402784299803898
2026-09-30T18:03:01,3,move,pddlstream,fr5_vgc10_pb,1,0.10368836700217798,,0.4879;0.1407,0.4452;0.3208,180.0,0,1,1,1,0.10368836700217798
2026-09-30T18:03:01,4,move,pddlstream,fr5_vgc10_pb,1,0.605769946007058,,0.5202;0.1422,0.4882;0.3719,180.0,0,1,1,1,0.605769946007058
2026-09-30T18:03:02,5,move,pddlstream,fr5_vgc10_pb,1,0.10388298099860549,,0.4808;0.1293,0.5337;0.3469,180.0,0,1,1,1,0.10388298099860549
2026-09-30T18:03:02,6,move,pddlstream,fr5_vgc10_pb,1,0.06087135602138005,,0.5074;0.1577,0.4461;0.2868,180.0,0,1,1,1,0.06087135602138005
2026-09-30T18:03:02,7,move,pddlstream,fr5_vgc10_pb,1,0.23230443100328557,,0.4405;0.2069,0.4806;0.3120,180.0,0,1,1,1,0.23230443100328557
2026-09-30T18:03:02,8,move,pddlstream,fr5_vgc10_pb,1,0.05138319201068953,,0.4838;0.1620,0.4817;0.3058,180.0,0,1,1,1,0.05138319201068953
2026-09-30T18:03:02,9,move,pddlstream,fr5_vgc10_pb,1,0.0655538729915861,,0.5260;0.2166,0.4776;0.3302,180.0,0,1,1,1,0.0655538729915861
2026-09-30T18:03:02,10,move,pddlstream,fr5_vgc10_pb,1,0.10198215002310462,,0.5089;0.2089,0.5295;0.3642,180.0,0,1,1,1,0.10198215002310462
2026-09-30T18:03:03,11,move,pddlstream,fr5_vgc10_pb,1,0.10074332699878141,,0.4470;0.1377,0.4960;0.3186,180.0,0,1,1,1,0.10074332699878141
2026-09-30T18:03:03,12,move,pddlstream,fr5_vgc10_pb,1,0.06428222800604999,,0.5070;0.1363,0.5196;0.2819,180.0,0,1,1,1,0.06428222800604999
2026-09-30T18:03:03,13,move,pddlstream,fr5_vgc10_pb,1,0.07829843999934383,,0.5014;0.1250,0.5323;0.3103,180.0,0,1,1,1,0.07829843999934383
2026-09-30T18:03:03,14,move,pddlstream,fr5_vgc10_pb,1,0.06079565497930162,,0.5162;0.1964,0.4911;0.3563,180.0,0,1,1,1,0.06079565497930162
2026-09-30T18:03:03,15,move,pddlstream,fr5_vgc10_pb,1,0.08671409997623414,,0.5119;0.1593,0.5314;0.3598,180.0,0,1,1,1,0.08671409997623414
2026-09-30T18:03:03,16,move,pddlstream,fr5_vgc10_pb,1,0.062291959999129176,,0.5275;0.2102,0.5030;0.3775,180.0,0,1,1,1,0.062291959999129176
2026-09-30T18:03:03,17,move,pddlstream,fr5_vgc10_pb,1,0.10205786299775355,,0.4828;0.1859,0.4354;0.3071,180.0,0,1,1,1,0.10205786299775355
2026-09-30T18:03:03,18,move,pddlstream,fr5_vgc10_pb,1,0.0619622050144244,,0.5044;0.1824,0.4461;0.3130,180.0,0,1,1,1,0.0619622050144244
2026-09-30T18:03:04,19,move,pddlstream,fr5_vgc10_pb,1,0.04895086900796741,,0.5181;0.1786,0.5255;0.3745,180.0,0,1,1,1,0.04895086900796741
2026-09-30T18:03:04,20,move,pddlstream,fr5_vgc10_pb,1,0.06513161500333808,,0.4499;0.2234,0.4787;0.3457,180.0,0,1,1,1,0.06513161500333808
2026-09-30T18:03:04,21,move,pddlstream,fr5_vgc10_pb,1,0.08809573200414889,,0.4823;0.1360,0.5014;0.3014,180.0,0,1,1,1,0.08809573200414889
2026-09-30T18:03:04,22,move,pddlstream,fr5_vgc10_pb,1,0.15637317299842834,,0.5252;0.2084,0.4894;0.3424,180.0,0,1,1,1,0.15637317299842834
2026-09-30T18:03:04,23,move,pddlstream,fr5_vgc10_pb,1,0.085249976022169,,0.4602;0.1466,0.4809;0.3232,180.0,0,1,1,1,0.085249976022169
2026-09-30T18:03:04,24,move,pddlstream,fr5_vgc10_pb,1,0.09258562899776734,,0.5274;0.1334,0.5159;0.3529,180.0,0,1,1,1,0.09258562899776734
2026-09-30T18:03:04,25,move,pddlstream,fr5_vgc10_pb,1,0.15411389200016856,,0.5391;0.2034,0.4564;0.3583,180.0,0,1,1,1,0.15411389200016856
2026-09-30T18:03:05,26,move,pddlstream,fr5_vgc10_pb,1,0.07561925501795486,,0.5034;0.1417,0.4514;0.3323,180.0,0,1,1,1,0.07561925501795486
2026-09-30T18:03:05,27,move,pddlstream,fr5_vgc10_pb,1,0.06324168501305394,,0.4410;0.1446,0.5282;0.3220,180.0,0,1,1,1,0.06324168501305394
2026-09-30T18:03:05,28,move,pddlstream,fr5_vgc10_pb,1,0.06482649498502724,,0.5276;0.2198,0.5123;0.3146,180.0,0,1,1,1,0.06482649498502724
2026-09-30T18:03:05,29,move,pddlstream,fr5_vgc10_pb,1,0.08680802598246373,,0.4794;0.1628,0.4577;0.3605,180.0,0,1,1,1,0.08680802598246373
