trial,env_name,success,planning_time_sec,attempts,total_num_satisfying
2026-03-24 17:53:00,rearrange,False,37.4475,3,0
2026-03-24 17:54:37,transfer,True,45.2096,1,15
2026-03-24 17:57:53,rearrange,False,37.7451,3,0
2026-03-24 18:00:53,transfer,True,128.8885,3,61
2026-03-24 18:03:41,rearrange,False,37.8425,3,0
2026-03-24 18:05:18,transfer,True,45.5452,1,50
2026-03-24 18:07:56,rearrange,False,37.8777,3,0
2026-03-24 18:10:57,transfer,False,129.8279,3,0
2026-03-24 18:12:51,rearrange,False,37.7319,3,0
2026-03-24 18:15:52,transfer,False,129.8410,3,0
2026-03-24 18:18:00,rearrange,False,37.7620,3,0
2026-03-24 18:19:37,transfer,True,45.9691,1,29
2026-03-24 18:22:16,rearrange,False,37.3618,3,0
2026-03-24 18:23:52,transfer,True,45.2981,1,43
2026-03-24 18:27:04,rearrange,False,37.7522,3,0
2026-03-24 18:28:41,transfer,True,45.3364,1,31
2026-03-24 18:31:31,rearrange,False,37.6717,3,0
2026-03-24 18:34:31,transfer,True,128.5952,3,46
2026-03-24 18:37:12,rearrange,False,37.4455,3,0
2026-03-24 18:40:12,transfer,False,127.9315,3,0
2026-03-24 18:42:07,rearrange,False,37.6249,3,0
2026-03-24 18:45:09,transfer,False,128.9903,3,0
2026-03-24 18:47:02,rearrange,False,37.9200,3,0
2026-03-24 18:48:40,transfer,True,45.5567,1,37
2026-03-24 18:51:20,rearrange,False,37.7560,3,0
2026-03-24 18:52:57,transfer,True,45.4425,1,27
2026-03-24 18:55:37,rearrange,False,37.5360,3,0
2026-03-24 18:58:36,transfer,True,127.7097,3,22
2026-03-24 19:01:15,rearrange,False,37.8692,3,0
2026-03-24 19:04:15,transfer,True,128.6148,3,9
2026-03-24 19:06:53,rearrange,False,37.6180,3,0
2026-03-24 19:09:55,transfer,False,128.9126,3,0
2026-03-24 19:11:49,rearrange,False,37.5170,3,0
2026-03-24 19:13:25,transfer,True,45.1815,1,13
2026-03-24 19:16:38,rearrange,False,37.7099,3,0
2026-03-24 19:18:15,transfer,True,45.1454,1,11
2026-03-24 19:20:56,rearrange,False,37.8619,3,0
2026-03-24 19:23:15,transfer,True,87.1392,2,44
2026-03-24 19:27:52,rearrange,False,37.5047,3,0
2026-03-24 19:29:36,transfer,True,51.5909,1,46
2026-03-24 19:32:57,rearrange,False,37.6692,3,0
2026-03-24 19:34:34,transfer,True,45.3483,1,1
2026-03-24 19:37:12,rearrange,False,37.4993,3,0
2026-03-24 19:40:12,transfer,True,127.8994,3,10
2026-03-24 19:43:04,rearrange,False,37.3795,3,0
2026-03-24 19:44:41,transfer,True,45.1991,1,12
2026-03-24 19:47:23,rearrange,False,37.6411,3,0
2026-03-24 19:49:00,transfer,True,45.2417,1,36
2026-03-24 19:51:41,rearrange,False,37.6349,3,0
2026-03-24 19:55:00,transfer,True,147.1965,3,62
2026-03-24 19:57:41,rearrange,False,37.6404,3,0
2026-03-24 19:59:17,transfer,True,45.6226,1,16
2026-03-24 20:01:58,rearrange,False,37.7981,3,0
2026-03-24 20:04:17,transfer,True,86.6401,2,64
2026-03-24 20:06:57,rearrange,False,37.6149,3,0
2026-03-24 20:09:15,transfer,True,86.3880,2,1
2026-03-24 20:12:11,rearrange,False,37.7553,3,0
2026-03-24 20:13:47,transfer,True,45.3767,1,36
2026-03-24 20:16:26,rearrange,False,37.4269,3,0
2026-03-24 20:18:41,transfer,True,82.4806,2,61
2026-03-24 20:22:07,rearrange,False,37.4941,3,0
2026-03-24 20:23:50,transfer,True,51.5862,1,26
2026-03-24 20:26:35,rearrange,False,37.6909,3,0
2026-03-24 20:28:13,transfer,True,45.2123,1,23
2026-03-24 20:30:55,rearrange,False,37.7795,3,0
2026-03-24 20:32:32,transfer,True,45.2566,1,27
2026-03-24 20:35:28,rearrange,False,37.3297,3,0
2026-03-24 20:37:05,transfer,True,45.1965,1,25
2026-03-24 20:39:51,rearrange,False,37.7740,3,0
2026-03-24 20:42:52,transfer,False,128.9207,3,0
2026-03-24 20:44:45,rearrange,False,37.5457,3,0
2026-03-24 20:46:22,transfer,True,45.2173,1,33
2026-03-24 20:49:03,rearrange,False,37.5772,3,0
2026-03-24 20:50:40,transfer,True,44.8881,1,5
2026-03-24 20:53:27,rearrange,False,37.6756,3,0
2026-03-24 20:55:45,transfer,True,86.7947,2,17
2026-03-24 21:00:04,transfer,True,45.2300,1,24
2026-03-24 21:04:21,transfer,True,45.0978,1,24
2026-03-24 21:10:00,transfer,True,128.3941,3,2
2026-03-24 21:15:41,transfer,False,128.1094,3,0
2026-03-24 21:20:34,transfer,False,128.0231,3,0
2026-03-24 21:24:12,transfer,True,51.3446,1,8
2026-03-24 21:29:06,transfer,True,45.2271,1,47
2026-03-24 21:33:25,transfer,True,44.8877,1,57
2026-03-24 21:37:42,transfer,True,45.0357,1,63
2026-03-24 21:42:41,transfer,True,87.0749,2,14
2026-03-24 21:47:37,transfer,True,86.5378,2,27
2026-03-24 21:51:57,transfer,True,45.0753,1,61
2026-03-24 21:56:15,transfer,True,45.0135,1,1
2026-03-24 22:00:31,transfer,True,45.4016,1,32
2026-03-24 22:04:51,transfer,True,44.6086,1,17
2026-03-24 22:09:08,transfer,True,45.4048,1,30
2026-03-24 22:13:25,transfer,True,45.0989,1,17
2026-03-24 22:17:43,transfer,True,45.5153,1,69
2026-03-24 22:22:03,transfer,True,45.3393,1,63
2026-03-24 22:26:22,transfer,True,45.6544,1,3
2026-03-24 22:30:42,transfer,True,45.0297,1,31
2026-03-24 22:35:50,transfer,True,98.8822,2,3
2026-03-24 22:40:12,transfer,True,45.1979,1,11
2026-03-24 22:44:33,transfer,True,45.1638,1,30
2026-03-24 22:50:14,transfer,True,127.4525,3,23
