timestamp,seed,task,robot_cfg,plan_success,planning_time_s,num_satisfying,execute_success,max_transport_tilt_deg,failure_reason,beaker_xy,flask_xy,poured,final_tilt_deg,final_xy,placed_upright,placed_in_goal,task_success,target_obj,goal_err_mm,aux_check,pour_peak_tilt_deg,pour_lip_err_mm,pour_lip_err_along_mm,pour_lip_err_perp_mm,pour_start_lip_err_mm,pour_lip_height_mm,perc_beaker_source,perc_beaker_recovery_s,perc_beaker_err_xy_mm,perc_beaker_err_z_mm,perc_beaker_err_yaw_deg,perc_beaker_verify,perc_beaker_verify_dxy_mm,perc_flask_source,perc_flask_recovery_s,perc_flask_err_xy_mm,perc_flask_err_z_mm,perc_flask_err_yaw_deg,perc_flask_verify,perc_flask_verify_dxy_mm,perc_replanned
2026-09-30T13:50:03,0,transfer,fr5_ag95,True,15.10,382,True,8.48,,0.5007;0.1977,0.5273;0.3632,True,0.00,0.3518;-0.3372,True,True,True,beaker,13.0,,61.22,30.7,-16.4,-26.0,16.2,56.0,fixed,0.0,2.24,4.08,-0.2,verified,0.21,fixed,0.0,3.19,4.02,-0.01,verified,0.26,False
2026-09-30T13:52:23,1,transfer,fr5_ag95,True,15.85,496,True,3.77,,0.5228;0.1657,0.4366;0.3570,True,0.00,0.3655;-0.3644,True,True,True,beaker,21.2,,43.27,34.2,23.8,24.5,39.3,167.9,fixed,0.0,2.2,5.37,0.07,verified,0.34,fixed,0.0,2.21,6.17,-0.09,verified,0.44,False
2026-09-30T13:54:44,2,transfer,fr5_ag95,True,14.74,256,True,3.91,,0.4588;0.1303,0.4996;0.3379,True,0.00,0.3570;-0.3498,True,True,True,beaker,7.0,,58.33,15.8,-13.2,8.7,17.9,78.0,fixed,0.0,3.33,-0.07,-0.06,verified,0.1,fixed,0.0,3.3,6.02,-0.01,verified,0.13,False
2026-09-30T13:57:01,3,transfer,fr5_ag95,True,15.07,424,True,1.34,,0.4879;0.1407,0.4452;0.3208,True,0.00,0.3358;-0.3361,True,True,True,beaker,19.9,,59.99,9.9,-5.6,-8.2,26.8,58.6,fixed,0.0,4.85,2.07,0.19,verified,0.28,fixed,0.0,2.61,2.57,-0.02,verified,0.23,False
2026-09-30T13:59:17,4,transfer,fr5_ag95,True,14.72,428,True,5.07,,0.5202;0.1422,0.4882;0.3719,True,0.00,0.3405;-0.3527,True,True,True,beaker,9.8,,59.82,31.2,-23.5,20.6,17.7,70.0,fixed,0.0,1.52,1.17,0.02,verified,0.32,fixed,0.0,1.24,4.52,0.18,verified,0.51,False
2026-09-30T14:01:37,5,transfer,fr5_ag95,True,14.52,415,True,3.47,,0.4808;0.1293,0.5337;0.3469,True,0.00,0.3414;-0.3380,True,True,True,beaker,14.8,,59.94,11.8,-11.7,-1.7,23.7,62.8,fixed,0.0,2.02,3.49,-0.07,verified,0.0,fixed,0.0,3.25,3.3,0.21,verified,0.0,False
2026-09-30T14:03:55,6,transfer,fr5_ag95,True,14.74,551,True,1.35,,0.5074;0.1577,0.4461;0.2868,True,0.00,0.3620;-0.3519,True,True,True,beaker,12.2,,58.91,4.6,-2.7,3.8,30.7,69.5,fixed,0.0,2.44,2.64,-0.07,verified,0.22,fixed,0.0,1.58,3.61,0.04,verified,0.43,False
2026-09-30T14:06:14,7,transfer,fr5_ag95,True,14.70,259,True,3.48,,0.4405;0.2069,0.4806;0.3120,True,0.00,0.3657;-0.3552,True,True,True,beaker,16.5,,59.32,15.5,-8.3,-13.1,4.5,64.9,fixed,0.0,2.75,4.57,0.02,verified,0.52,fixed,0.0,1.17,2.46,-0.12,verified,0.05,False
2026-09-30T14:08:31,8,transfer,fr5_ag95,True,17.59,205,True,2.35,,0.4838;0.1620,0.4817;0.3058,True,0.00,0.3397;-0.3383,True,True,True,beaker,15.5,,58.42,12.5,-2.6,12.3,31.3,75.7,fixed,0.0,2.62,2.63,0.04,verified,0.46,fixed,0.0,1.66,2.34,0.01,verified,0.15,False
2026-09-30T14:10:57,9,transfer,fr5_ag95,True,15.06,341,True,4.58,,0.5260;0.2166,0.4776;0.3302,True,0.00,0.3469;-0.3648,True,True,True,beaker,15.1,,58.61,18.3,-3.6,17.9,33.0,77.5,fixed,0.0,2.16,3.17,0.17,verified,0.0,fixed,0.0,3.49,3.08,-0.04,verified,0.0,False
2026-09-30T14:13:16,10,transfer,fr5_ag95,True,16.27,289,True,6.72,,0.5089;0.2089,0.5295;0.3642,True,0.00,0.3436;-0.3427,True,True,True,beaker,9.7,,62.45,45.5,-44.5,9.4,16.1,77.3,fixed,0.0,6.99,8.54,0.16,verified,0.13,fixed,0.0,2.16,7.39,0.1,verified,0.76,False
2026-09-30T14:15:37,11,transfer,fr5_ag95,True,15.24,416,True,4.93,,0.4470;0.1377,0.4960;0.3186,True,0.00,0.3597;-0.3482,True,True,True,beaker,9.9,,58.04,12.0,-11.5,3.6,50.2,76.8,fixed,0.0,4.12,4.53,0.08,verified,0.29,fixed,0.0,3.02,4.71,0.01,verified,0.34,False
2026-09-30T14:17:55,12,transfer,fr5_ag95,True,14.53,240,True,11.16,,0.5070;0.1363,0.5196;0.2819,True,0.00,0.3566;-0.3582,True,True,True,beaker,10.5,,54.15,29.2,24.0,16.6,26.6,156.4,fixed,0.0,0.9,2.86,-0.19,verified,0.0,fixed,0.0,1.83,5.02,-0.16,verified,0.0,False
2026-09-30T14:20:18,13,transfer,fr5_ag95,True,17.32,403,True,4.25,,0.5014;0.1250,0.5323;0.3103,True,0.00,0.3394;-0.3426,True,True,True,beaker,12.9,,47.12,37.5,33.6,16.6,44.7,163.3,fixed,0.0,2.4,0.85,-0.14,verified,0.29,fixed,0.0,2.62,9.55,0.03,verified,0.66,False
2026-09-30T14:22:47,14,transfer,fr5_ag95,True,15.01,453,True,2.45,,0.5162;0.1964,0.4911;0.3563,True,0.00,0.3454;-0.3351,True,True,True,beaker,15.6,,59.87,9.0,-9.0,-1.2,36.0,59.1,fixed,0.0,3.33,3.72,-0.03,verified,0.0,fixed,0.0,2.28,3.31,0.05,verified,0.0,False
2026-09-30T14:25:13,15,transfer,fr5_ag95,True,15.09,308,True,3.02,,0.5119;0.1593,0.5314;0.3598,True,0.00,0.3554;-0.3633,True,True,True,beaker,14.3,,59.39,22.8,-21.5,7.5,18.2,76.2,fixed,0.0,4.54,3.9,0.03,verified,0.47,fixed,0.0,1.42,7.18,-0.08,verified,0.2,False
2026-09-30T14:27:25,16,transfer,fr5_ag95,True,15.16,445,True,51.83,"task_incomplete:beaker_not_upright(90.0deg)+beaker_outside_goal(0.434,-0.301)",0.5274;0.2102,0.5030;0.3775,True,90.00,0.4337;-0.3009,False,False,False,beaker,97.0,,90.60,106.7,-32.3,101.7,124.7,11.2,fixed,0.0,2.6,3.05,-0.06,verified,0.08,fixed,0.0,2.57,3.38,0.13,verified,0.52,False
2026-09-30T14:29:58,17,transfer,fr5_ag95,True,18.40,233,True,8.54,,0.4828;0.1859,0.4354;0.3071,True,0.00,0.3515;-0.3567,True,True,True,beaker,6.9,,51.25,45.9,30.3,34.5,35.0,160.7,recovery,19.89,4.35,-4.58,0.03,unseen,,fixed,0.0,1.52,5.72,0.04,verified,0.1,False
2026-09-30T14:32:46,18,transfer,fr5_ag95,True,18.40,289,True,5.30,,0.5044;0.1824,0.4461;0.3130,True,0.00,0.3516;-0.3454,True,True,True,beaker,4.8,,58.88,29.5,-25.9,14.1,2.8,78.9,fixed,0.0,2.61,4.0,0.09,verified,0.0,fixed,0.0,3.63,2.41,0.01,verified,0.0,False
2026-09-30T14:35:02,19,transfer,fr5_ag95,True,15.17,333,True,2.04,,0.5181;0.1786,0.5255;0.3745,True,0.00,0.3636;-0.3631,True,True,True,beaker,18.9,,48.82,8.9,8.7,1.5,27.0,120.2,fixed,0.0,2.39,3.1,-0.06,verified,0.27,fixed,0.0,2.3,8.02,-0.04,verified,0.1,False
2026-09-30T14:37:16,20,transfer,fr5_ag95,True,19.88,95,True,4.46,,0.4499;0.2234,0.4787;0.3457,True,0.00,0.3564;-0.3447,True,True,True,beaker,8.3,,57.05,19.3,-17.7,-7.5,56.9,78.6,fixed,0.0,3.45,7.27,-0.04,verified,0.49,fixed,0.0,6.21,1.72,-0.06,verified,0.43,False
2026-09-30T14:39:35,21,transfer,fr5_ag95,True,34.64,441,True,6.02,,0.4823;0.1360,0.5014;0.3014,True,0.00,0.3457;-0.3609,True,True,True,beaker,11.7,,60.61,32.4,-28.2,16.0,21.1,76.2,fixed,0.0,3.33,6.33,0.16,verified,0.0,fixed,0.0,2.6,6.94,-0.09,verified,0.0,False
2026-09-30T14:42:12,22,transfer,fr5_ag95,True,33.46,117,True,4.55,"task_incomplete:beaker_not_upright(90.0deg)+beaker_outside_goal(0.400,-0.435)",0.5251;0.2085,0.4894;0.3424,True,90.00,0.4001;-0.4349,False,False,False,beaker,98.6,,58.68,28.9,-28.6,4.1,39.3,81.4,fixed,0.0,3.29,4.78,-0.12,verified,0.4,fixed,0.0,2.79,6.25,-0.11,verified,0.45,False
2026-09-30T14:44:54,23,transfer,fr5_ag95,True,14.60,404,True,9.18,,0.4602;0.1466,0.4809;0.3232,True,0.00,0.3402;-0.3444,True,True,True,beaker,11.3,,45.62,9.7,-8.4,-4.8,5.5,119.7,fixed,0.0,2.62,5.43,0.03,verified,0.0,fixed,0.0,0.54,1.89,-0.02,verified,0.0,False
2026-09-30T14:47:25,24,transfer,fr5_ag95,False,189.90,0,False,,plan_planner_exception:RuntimeError,0.5274;0.1334,0.5159;0.3529,False,,,False,False,False,,,,,,,,,,fixed,0.0,77.0,6.9,-4.02,,,fixed,0.0,3.03,4.84,-0.04,,,False
2026-09-30T14:51:55,25,transfer,fr5_ag95,True,14.59,312,True,4.21,,0.5391;0.2034,0.4564;0.3583,True,0.00,0.3525;-0.3630,True,True,True,beaker,13.3,,59.88,18.6,-16.8,8.1,10.9,68.3,fixed,0.0,1.25,0.54,-0.06,verified,0.13,fixed,0.0,1.86,5.61,0.07,verified,0.18,False
2026-09-30T14:54:14,26,transfer,fr5_ag95,True,15.07,429,True,3.60,,0.5034;0.1417,0.4514;0.3323,True,0.00,0.3583;-0.3442,True,True,True,beaker,10.1,,58.85,27.6,-27.1,-5.1,15.2,83.3,fixed,0.0,2.6,6.17,0.04,verified,0.13,fixed,0.0,2.21,6.08,0.09,verified,0.28,False
2026-09-30T14:56:50,27,transfer,fr5_ag95,True,14.58,272,True,4.82,,0.4410;0.1446,0.5282;0.3220,True,0.00,0.3606;-0.3581,True,True,True,beaker,13.3,,59.60,16.4,-16.3,1.3,8.0,78.2,fixed,0.0,3.32,5.79,-0.05,verified,0.0,fixed,0.0,2.96,5.45,-0.07,verified,0.0,False
2026-09-30T14:59:09,28,transfer,fr5_ag95,True,14.95,41,True,2.91,,0.5276;0.2198,0.5123;0.3146,True,0.00,0.3378;-0.3389,True,True,True,beaker,16.5,,45.54,35.5,20.3,29.2,46.3,166.7,fixed,0.0,3.05,4.2,-0.08,verified,0.53,fixed,0.0,2.49,6.94,-0.03,verified,0.75,False
2026-09-30T15:01:36,29,transfer,fr5_ag95,True,15.16,315,True,2.10,,0.4794;0.1628,0.4576;0.3605,True,0.00,0.3385;-0.3576,True,True,True,beaker,13.8,,60.21,5.7,-2.6,-5.1,9.2,64.4,fixed,0.0,2.74,1.7,-0.19,verified,0.16,fixed,0.0,1.51,7.14,-0.0,verified,0.18,False
