transfer_ground_truth_rep0	1790735645	1790738526	done
move_ground_truth_rep0	1790738526	1790740602	done
stir_ground_truth_rep0	1790740602	1790743734	done
transfer_perception_rep0	1790743735	1790748164	done
move_perception_rep0	1790748164	1790751653	done
stir_perception_rep0	1790751653	1790756258	done
pddlstream_transfer_ps0	1790756258	1790756872	done
pddlstream_move_ps0	1790756872	1790756877	done
pddlstream_stir_ps0	1790756877	1790756913	done
llm_xdl_generator	1790756913	1790757051	done
llm_ar_heldout_split2400	1790757051	1790757104	done
llm_ar_unseen_control_in_distribution	1790757104	1790757135	done
llm_ar_unseen_L1_unseen_class	1790757135	1790757250	done
llm_ar_unseen_L2_unseen_layout	1790757250	1790757265	done
llm_ar_unseen_L3_unseen_pair	1790757266	1790757291	done
pddlstream_transfer_ps0	1790757370	1790758980	done
pddlstream_move_ps0	1790758980	1790758985	done
pddlstream_stir_ps0	1790758985	1790759042	done
transfer_perception_rep0	1790761487	1790765738	done
move_perception_rep0	1790765738	1790769266	done
stir_perception_rep0	1790769266	1790773815	done
move_perception_rep0	1790773886	1790774004	done
