t_s,j1,j2,j3,j4,j5,j6,operation
0.0,0.106,-0.9425,-2.1766,-1.6448,1.4143,-0.0407,
0.0406,0.106,-0.9425,-2.1766,-1.6448,1.4143,-0.0407,Pick
0.0809,0.106,-0.9425,-2.1766,-1.6448,1.4143,-0.0407,Pick
0.1229,0.106,-0.9425,-2.1766,-1.6448,1.4143,-0.0407,Pick
0.1634,0.105874,-0.943176,-2.176045,-1.644991,1.414364,-0.04067,Pick
0.2037,0.105095,-0.947367,-2.172601,-1.646177,1.414762,-0.040481,Pick
0.2442,0.104316,-0.951558,-2.169157,-1.647362,1.415161,-0.040293,Pick
0.2846,0.103537,-0.955749,-2.165713,-1.648547,1.415559,-0.040105,Pick
0.3251,0.102524,-0.961402,-2.16116,-1.650203,1.41615,-0.039843,Pick
0.3654,0.101019,-0.970125,-2.154279,-1.652847,1.417145,-0.03943,Pick
0.406,0.099514,-0.978848,-2.147398,-1.65549,1.41814,-0.039016,Pick
0.4471,0.098009,-0.987572,-2.140517,-1.658134,1.419135,-0.038602,Pick
0.4872,0.096215,-0.998323,-2.132197,-1.661501,1.420494,-0.038073,Pick
0.5273,0.094113,-1.011237,-2.122341,-1.665641,1.422241,-0.037422,Pick
0.5677,0.09201,-1.02415,-2.112486,-1.66978,1.423988,-0.036771,Pick
0.6082,0.089907,-1.037064,-2.10263,-1.673919,1.425734,-0.036119,Pick
0.6485,0.087498,-1.052337,-2.091196,-1.678968,1.428053,-0.035299,Pick
0.6899,0.084921,-1.068907,-2.078892,-1.684517,1.430686,-0.034385,Pick
0.7294,0.082343,-1.085477,-2.066589,-1.690066,1.43332,-0.033472,Pick
0.7699,0.079765,-1.102048,-2.054286,-1.695614,1.435953,-0.032558,Pick
0.8104,0.076905,-1.121033,-2.040447,-1.702153,1.43934,-0.031446,Pick
0.8507,0.073978,-1.140597,-2.02624,-1.708929,1.442908,-0.030286,Pick
0.8912,0.071051,-1.160161,-2.012033,-1.715705,1.446477,-0.029127,Pick
0.9316,0.068124,-1.179726,-1.997825,-1.722481,1.450045,-0.027967,Pick
0.972,0.06507,-1.201418,-1.982302,-1.730186,1.454489,-0.026541,Pick
1.0125,0.062012,-1.223181,-1.966735,-1.737923,1.458962,-0.025106,Pick
1.0531,0.058953,-1.244945,-1.951167,-1.74566,1.463436,-0.023671,Pick
1.0934,0.055897,-1.266898,-1.935475,-1.753488,1.468025,-0.0222,Pick
1.1338,0.052857,-1.290136,-1.918938,-1.761939,1.473399,-0.020486,Pick
1.1743,0.049817,-1.313374,-1.902401,-1.77039,1.478772,-0.018772,Pick
1.2147,0.046777,-1.336612,-1.885864,-1.77884,1.484146,-0.017058,Pick
1.255,0.043786,-1.360101,-1.869135,-1.78743,1.48975,-0.015255,Pick
1.2954,0.040917,-1.384206,-1.851938,-1.79636,1.495917,-0.013238,Pick
1.3374,0.038048,-1.408311,-1.834741,-1.80529,1.502084,-0.01122,Pick
1.3764,0.03518,-1.432416,-1.817544,-1.814221,1.508251,-0.009203,Pick
1.4168,0.032416,-1.45674,-1.800144,-1.823305,1.514728,-0.007069,Pick
1.4572,0.029781,-1.481331,-1.782499,-1.832576,1.521583,-0.004793,Pick
1.498,0.027145,-1.505921,-1.764854,-1.841847,1.528437,-0.002517,Pick
1.538,0.024509,-1.530511,-1.747209,-1.851119,1.535291,-0.000241,Pick
1.5783,0.022092,-1.555179,-1.72944,-1.860563,1.542549,0.00221,Pick
1.6188,0.019813,-1.579895,-1.711593,-1.870116,1.550062,0.004771,Pick
1.6592,0.017533,-1.604611,-1.693746,-1.879669,1.557575,0.007332,Pick
1.6996,0.015254,-1.629328,-1.6759,-1.889223,1.565088,0.009894,Pick
1.74,0.01333,-1.653819,-1.658058,-1.898922,1.573155,0.012703,Pick
1.7812,0.011508,-1.678245,-1.640219,-1.908664,1.581383,0.015584,Pick
1.8217,0.009687,-1.702671,-1.622379,-1.918406,1.589611,0.018465,Pick
1.8637,0.007866,-1.727097,-1.60454,-1.928147,1.597839,0.021347,Pick
1.9033,0.006569,-1.750942,-1.586984,-1.93806,1.606869,0.024581,Pick
1.9428,0.005308,-1.774747,-1.569448,-1.947984,1.615954,0.027839,Pick
1.9833,0.004047,-1.798552,-1.551912,-1.957907,1.625039,0.031097,Pick
2.0238,0.00284,-1.822277,-1.534435,-1.967844,1.634203,0.034384,Pick
2.0651,0.002143,-1.845264,-1.517504,-1.977901,1.644108,0.037941,Pick
2.1046,0.001446,-1.86825,-1.500574,-1.987959,1.654014,0.041499,Pick
2.1451,0.000749,-1.891236,-1.483644,-1.998016,1.663919,0.045056,Pick
2.1862,0.000195,-1.91397,-1.466949,-2.008094,1.674003,0.048666,Pick
2.2266,5.4e-05,-1.935977,-1.45093,-2.018233,1.684603,0.052427,Pick
2.267,-8.8e-05,-1.957983,-1.434912,-2.028373,1.695203,0.056189,Pick
2.3079,-0.000229,-1.97999,-1.418894,-2.038512,1.705803,0.05995,Pick
2.3503,-0.00019,-2.001491,-1.403341,-2.048603,1.71661,0.063744,Pick
2.3918,0.000101,-2.022294,-1.388431,-2.058628,1.727703,0.067583,Pick
2.4321,0.000391,-2.043096,-1.373522,-2.068653,1.738796,0.071422,Pick
2.4731,0.000681,-2.063898,-1.358612,-2.078678,1.749889,0.075261,Pick
2.5142,0.001231,-2.083799,-1.344471,-2.088515,1.761159,0.079124,Pick
2.5554,0.00197,-2.103048,-1.330885,-2.098217,1.772557,0.083003,Pick
2.5965,0.002709,-2.122297,-1.317299,-2.107919,1.783955,0.086883,Pick
2.6376,0.003448,-2.141546,-1.303714,-2.117621,1.795354,0.090762,Pick
2.6788,0.004484,-2.15941,-1.291178,-2.126909,1.806823,0.094623,Pick
2.7194,0.005622,-2.176792,-1.279008,-2.136053,1.818317,0.098479,Pick
2.76,0.006761,-2.194174,-1.266837,-2.145197,1.829811,0.102334,Pick
2.8009,0.007899,-2.211556,-1.254667,-2.154341,1.841305,0.106189,Pick
2.842,0.009421,-2.227027,-1.243829,-2.16284,1.852706,0.109997,Pick
2.8824,0.010984,-2.242293,-1.233133,-2.171269,1.864097,0.1138,Pick
2.9236,0.012547,-2.25756,-1.222438,-2.179698,1.875488,0.117603,Pick
2.9643,0.014129,-2.272681,-1.211832,-2.188068,1.886855,0.121398,Pick
3.0047,0.015982,-2.285703,-1.202523,-2.195588,1.897875,0.125076,Pick
3.0452,0.017834,-2.298725,-1.193214,-2.203107,1.908895,0.128755,Pick
3.0857,0.019687,-2.311747,-1.183905,-2.210626,1.919915,0.132433,Pick
3.1262,0.0216,-2.324267,-1.17491,-2.21794,1.930826,0.136082,Pick
3.1667,0.023722,-2.335069,-1.166993,-2.224548,1.941363,0.13963,Pick
3.2082,0.025843,-2.345871,-1.159075,-2.231157,1.951899,0.143179,Pick
3.2482,0.027964,-2.356673,-1.151157,-2.237765,1.962435,0.146727,Pick
3.2893,0.030197,-2.36667,-1.14379,-2.244073,1.972769,0.150221,Pick
3.3311,0.032606,-2.375394,-1.137296,-2.249905,1.982783,0.15363,Pick
3.372,0.035016,-2.384118,-1.130802,-2.255737,1.992797,0.157039,Pick
3.4131,0.037425,-2.392843,-1.124308,-2.261569,2.00281,0.160448,Pick
3.4536,0.040031,-2.400523,-1.118611,-2.267083,2.012565,0.163805,Pick
3.4941,0.042799,-2.407344,-1.11357,-2.272334,2.022106,0.16712,Pick
3.535,0.045567,-2.414166,-1.10853,-2.277585,2.031647,0.170435,Pick
3.576,0.048335,-2.420987,-1.103489,-2.282836,2.041188,0.17375,Pick
3.6171,0.051252,-2.426645,-1.099423,-2.287738,2.05035,0.176961,Pick
3.6579,0.05423,-2.431828,-1.095756,-2.292498,2.059357,0.180129,Pick
3.6983,0.057208,-2.43701,-1.092089,-2.297258,2.068364,0.183297,Pick
3.7388,0.060186,-2.442193,-1.088422,-2.302018,2.077371,0.186466,Pick
3.7793,0.063149,-2.446186,-1.085821,-2.306316,2.085696,0.189417,Pick
3.82,0.06611,-2.450003,-1.083378,-2.310545,2.09392,0.192335,Pick
3.8609,0.069071,-2.45382,-1.080935,-2.314775,2.102144,0.195254,Pick
3.9013,0.072022,-2.457604,-1.078526,-2.318985,2.110331,0.198158,Pick
3.9423,0.074697,-2.460376,-1.077135,-2.322615,2.117416,0.200632,Pick
3.9833,0.077372,-2.463149,-1.075744,-2.326245,2.124502,0.203106,Pick
4.0237,0.080047,-2.465922,-1.074353,-2.329874,2.131588,0.20558,Pick
4.0648,0.082624,-2.468531,-1.073115,-2.33336,2.138387,0.207943,Pick
4.1058,0.084793,-2.470461,-1.07251,-2.336251,2.143992,0.209844,Pick
4.1468,0.086961,-2.472392,-1.071906,-2.339142,2.149597,0.211746,Pick
4.1878,0.08913,-2.474322,-1.071302,-2.342032,2.155202,0.213647,Pick
4.2289,0.091057,-2.475987,-1.070873,-2.344597,2.160168,0.215316,Pick
4.27,0.092547,-2.477173,-1.070761,-2.346569,2.163974,0.21656,Pick
4.3105,0.094037,-2.478358,-1.070648,-2.348541,2.167779,0.217805,Pick
4.351,0.095526,-2.479543,-1.070536,-2.350514,2.171585,0.219049,Pick
4.3926,0.09661,-2.480386,-1.070511,-2.351954,2.17438,0.219954,Pick
4.4334,0.097312,-2.480906,-1.070566,-2.352894,2.176227,0.220538,Pick
4.474,0.098014,-2.481426,-1.070621,-2.353835,2.178074,0.221123,Pick
4.5145,0.098716,-2.481946,-1.070677,-2.354776,2.179922,0.221708,Pick
4.555,0.098943,-2.482114,-1.070695,-2.355079,2.180517,0.221897,Pick
4.5954,0.098943,-2.482114,-1.070695,-2.355079,2.180517,0.221897,Pick
4.6359,0.098943,-2.482114,-1.070695,-2.355079,2.180517,0.221897,Pick
4.677,0.098943,-2.482114,-1.070695,-2.355079,2.180517,0.221897,Pick
4.7175,0.098943,-2.482114,-1.070695,-2.355079,2.180517,0.221897,Pick
4.7585,0.098943,-2.482114,-1.070695,-2.355079,2.180517,0.221897,Pick
4.7991,0.098943,-2.482114,-1.070695,-2.355079,2.180517,0.221897,Pick
4.8812,0.098943,-2.482114,-1.070695,-2.355079,2.180517,0.221897,Pick
4.9216,0.098943,-2.482114,-1.070695,-2.355079,2.180517,0.221897,Pick
4.9628,0.098943,-2.482114,-1.070695,-2.355079,2.180517,0.221897,Pick
5.0031,0.099066,-2.481837,-1.071359,-2.354661,2.180624,0.221943,Pick
5.0441,0.09919,-2.48156,-1.072023,-2.354242,2.18073,0.221988,Pick
5.0843,0.099448,-2.480991,-1.073398,-2.353375,2.180951,0.222093,Pick
5.1246,0.099706,-2.480423,-1.074774,-2.352508,2.181172,0.222197,Pick
5.165,0.100082,-2.479586,-1.076784,-2.351234,2.181503,0.222363,Pick
5.2056,0.100457,-2.47875,-1.078794,-2.349961,2.181833,0.222529,Pick
5.2466,0.100922,-2.477694,-1.081324,-2.348346,2.182263,0.222749,Pick
5.2876,0.101386,-2.476638,-1.083855,-2.346732,2.182693,0.22297,Pick
5.3286,0.101925,-2.475415,-1.086795,-2.344858,2.183202,0.223233,Pick
5.3713,0.102463,-2.474192,-1.089735,-2.342984,2.183712,0.223496,Pick
5.4127,0.103076,-2.472844,-1.093,-2.340919,2.184282,0.223793,Pick
5.4536,0.103689,-2.471495,-1.096266,-2.338854,2.184852,0.22409,Pick
5.494,0.104369,-2.470047,-1.099797,-2.336627,2.185464,0.224409,Pick
5.5343,0.10505,-2.468597,-1.103329,-2.334401,2.186076,0.224728,Pick
5.5749,0.105779,-2.467054,-1.10709,-2.332013,2.186729,0.225057,Pick
5.6173,0.106507,-2.465511,-1.110851,-2.329626,2.187382,0.225386,Pick
5.6578,0.107276,-2.463868,-1.114828,-2.327069,2.18809,0.225723,Pick
5.6982,0.108046,-2.462225,-1.118804,-2.324512,2.188798,0.22606,Pick
5.7387,0.108855,-2.460492,-1.123015,-2.321795,2.189568,0.22642,Pick
5.7792,0.109665,-2.458759,-1.127226,-2.319079,2.190338,0.226779,Pick
5.8195,0.110529,-2.456939,-1.131664,-2.316218,2.19117,0.227168,Pick
5.86,0.111393,-2.45512,-1.136101,-2.313358,2.192002,0.227556,Pick
5.9006,0.112308,-2.453231,-1.140735,-2.310371,2.192879,0.227963,Pick
5.9411,0.113224,-2.451341,-1.145369,-2.307384,2.193756,0.22837,Pick
5.9821,0.114186,-2.449389,-1.150158,-2.30428,2.194667,0.228791,Pick
6.0226,0.115149,-2.447437,-1.154948,-2.301176,2.195578,0.229212,Pick
6.0633,0.116158,-2.445436,-1.159877,-2.297972,2.196519,0.229663,Pick
6.1044,0.117167,-2.443434,-1.164806,-2.294768,2.197461,0.230113,Pick
6.1454,0.118221,-2.441396,-1.169847,-2.291484,2.198431,0.230604,Pick
6.1864,0.119275,-2.439358,-1.174888,-2.288199,2.1994,0.231095,Pick
6.2275,0.120361,-2.437304,-1.179988,-2.284868,2.20039,0.231609,Pick
6.268,0.121448,-2.435249,-1.185088,-2.281536,2.201379,0.232124,Pick
6.31,0.12255,-2.433201,-1.190187,-2.278188,2.202379,0.232641,Pick
6.352,0.123652,-2.431152,-1.195285,-2.27484,2.203379,0.233158,Pick
6.3913,0.12476,-2.429133,-1.200336,-2.271517,2.204386,0.233675,Pick
6.4321,0.125868,-2.427115,-1.205387,-2.268195,2.205393,0.234192,Pick
6.4735,0.126965,-2.42515,-1.210325,-2.264942,2.2064,0.234709,Pick
6.5139,0.128061,-2.423185,-1.215262,-2.26169,2.207407,0.235226,Pick
6.5544,0.129116,-2.421308,-1.219997,-2.258554,2.208395,0.235727,Pick
6.5948,0.13017,-2.41943,-1.224731,-2.255419,2.209383,0.236228,Pick
6.6352,0.131158,-2.417665,-1.229162,-2.252455,2.210323,0.236692,Pick
6.6761,0.132146,-2.415899,-1.233592,-2.249491,2.211263,0.237155,Pick
6.7172,0.133063,-2.414286,-1.237647,-2.246756,2.212128,0.237573,Pick
6.7582,0.133979,-2.412674,-1.241703,-2.244021,2.212992,0.237991,Pick
6.7995,0.134815,-2.411244,-1.245323,-2.241591,2.213764,0.238366,Pick
6.8404,0.135651,-2.409813,-1.248943,-2.239161,2.214535,0.238741,Pick
6.8809,0.136389,-2.408598,-1.252059,-2.237079,2.215206,0.23907,Pick
6.922,0.137127,-2.407382,-1.255175,-2.234998,2.215877,0.239398,Pick
6.9631,0.137729,-2.406392,-1.25772,-2.233302,2.216438,0.239672,Pick
7.005,0.13833,-2.405401,-1.260266,-2.231606,2.216998,0.239946,Pick
7.0431,0.13878,-2.404651,-1.262192,-2.230309,2.217433,0.240159,Pick
7.084,0.139231,-2.403902,-1.264118,-2.229013,2.217868,0.240371,Pick
7.1242,0.139527,-2.403401,-1.265392,-2.228151,2.218161,0.240516,Pick
7.1644,0.139822,-2.402901,-1.266667,-2.227288,2.218453,0.24066,Pick
7.2046,0.139966,-2.402664,-1.267273,-2.226876,2.218592,0.240731,Pick
7.2473,0.14011,-2.402427,-1.267878,-2.226464,2.218731,0.240801,Pick
7.2858,0.14011,-2.402427,-1.267878,-2.226464,2.218731,0.240801,Pick
7.3259,0.14011,-2.402427,-1.267878,-2.226464,2.218731,0.240801,Pick
7.3662,0.14011,-2.402427,-1.267878,-2.226464,2.218731,0.240801,Pick
10.5674,0.14011,-2.402427,-1.267878,-2.226464,2.218731,0.240801,
10.6075,0.14011,-2.402427,-1.267878,-2.226464,2.218731,0.240801,Move_to_Surface
10.6479,0.14011,-2.402427,-1.267878,-2.226464,2.218731,0.240801,Move_to_Surface
10.6883,0.139997,-2.402649,-1.267332,-2.22682,2.218636,0.240748,Move_to_Surface
10.7287,0.139885,-2.40287,-1.266786,-2.227176,2.21854,0.240695,Move_to_Surface
10.7693,0.13965,-2.403331,-1.265654,-2.227916,2.218337,0.240583,Move_to_Surface
10.8097,0.139416,-2.403793,-1.264522,-2.228655,2.218133,0.240472,Move_to_Surface
10.8502,0.139065,-2.40448,-1.262835,-2.229758,2.217822,0.240305,Move_to_Surface
10.8906,0.138715,-2.405166,-1.261147,-2.230861,2.21751,0.240138,Move_to_Surface
10.9311,0.138255,-2.406061,-1.258942,-2.232301,2.217092,0.239923,Move_to_Surface
10.9715,0.137796,-2.406956,-1.256737,-2.233741,2.216673,0.239707,Move_to_Surface
11.0119,0.137236,-2.408041,-1.254055,-2.235492,2.216157,0.239447,Move_to_Surface
11.0525,0.136676,-2.409127,-1.251373,-2.237243,2.215641,0.239186,Move_to_Surface
11.093,0.136026,-2.410387,-1.248259,-2.239277,2.215042,0.238882,Move_to_Surface
11.1333,0.135376,-2.411647,-1.245146,-2.241311,2.214444,0.238579,Move_to_Surface
11.1751,0.134645,-2.413068,-1.241641,-2.243602,2.213776,0.238239,Move_to_Surface
11.2155,0.133914,-2.414488,-1.238136,-2.245893,2.213109,0.2379,Move_to_Surface
11.2559,0.13311,-2.416054,-1.234277,-2.248415,2.21238,0.237532,Move_to_Surface
11.2963,0.132307,-2.41762,-1.230417,-2.250937,2.211651,0.237165,Move_to_Surface
11.3368,0.131437,-2.419314,-1.226232,-2.253665,2.210863,0.236774,Move_to_Surface
11.3772,0.130567,-2.421009,-1.222048,-2.256393,2.210075,0.236382,Move_to_Surface
11.4177,0.129637,-2.422817,-1.217573,-2.259306,2.209226,0.235965,Move_to_Surface
11.458,0.128706,-2.424625,-1.213099,-2.262218,2.208378,0.235547,Move_to_Surface
11.4985,0.127722,-2.426533,-1.208373,-2.265295,2.20747,0.235101,Move_to_Surface
11.5389,0.126738,-2.42844,-1.203646,-2.268371,2.206562,0.234655,Move_to_Surface
11.5794,0.125708,-2.430429,-1.198714,-2.271586,2.205601,0.234184,Move_to_Surface
11.6198,0.124678,-2.43242,-1.193781,-2.274801,2.204641,0.233713,Move_to_Surface
11.6602,0.123614,-2.434475,-1.188691,-2.278122,2.203644,0.233224,Move_to_Surface
11.7007,0.12255,-2.436531,-1.1836,-2.281445,2.202646,0.232735,Move_to_Surface
11.7411,0.121464,-2.43863,-1.178404,-2.284837,2.201634,0.232234,Move_to_Surface
11.7815,0.120378,-2.440729,-1.173207,-2.288229,2.200622,0.231734,Move_to_Surface
11.822,0.119283,-2.442851,-1.16796,-2.291652,2.199609,0.231228,Move_to_Surface
11.8624,0.118188,-2.444973,-1.162713,-2.295075,2.198596,0.230722,Move_to_Surface
11.9034,0.117095,-2.447092,-1.157474,-2.298493,2.19759,0.230217,Move_to_Surface
11.9439,0.116003,-2.449211,-1.152235,-2.301912,2.196584,0.229711,Move_to_Surface
11.9844,0.114924,-2.451303,-1.147069,-2.305285,2.195585,0.229212,Move_to_Surface
12.0247,0.113845,-2.453394,-1.141902,-2.308659,2.194585,0.228713,Move_to_Surface
12.0653,0.112792,-2.455431,-1.13687,-2.311947,2.193601,0.228223,Move_to_Surface
12.1058,0.111739,-2.457467,-1.131839,-2.315235,2.192616,0.227734,Move_to_Surface
12.1462,0.110726,-2.459421,-1.127003,-2.318396,2.19166,0.227261,Move_to_Surface
12.1866,0.109713,-2.461375,-1.122166,-2.321557,2.190704,0.226788,Move_to_Surface
12.2271,0.108752,-2.463223,-1.117582,-2.324547,2.189794,0.226342,Move_to_Surface
12.2676,0.107792,-2.46507,-1.112998,-2.327538,2.188884,0.225895,Move_to_Surface
12.3081,0.106898,-2.466791,-1.108722,-2.330324,2.188038,0.225485,Move_to_Surface
12.3494,0.106003,-2.468513,-1.104445,-2.33311,2.187192,0.225076,Move_to_Surface
12.3896,0.105185,-2.470089,-1.10053,-2.335659,2.186423,0.224705,Move_to_Surface
12.4298,0.104368,-2.471666,-1.096616,-2.338208,2.185654,0.224335,Move_to_Surface
12.4706,0.103637,-2.473078,-1.093114,-2.340489,2.184972,0.224004,Move_to_Surface
12.5107,0.102907,-2.474491,-1.089611,-2.342771,2.184291,0.223672,Move_to_Surface
12.5511,0.102273,-2.475718,-1.086573,-2.34475,2.1837,0.223383,Move_to_Surface
12.5915,0.101638,-2.476944,-1.083535,-2.34673,2.183108,0.223094,Move_to_Surface
12.6326,0.101111,-2.477962,-1.081011,-2.348373,2.182611,0.222855,Move_to_Surface
12.6739,0.100584,-2.47898,-1.078487,-2.350016,2.182115,0.222615,Move_to_Surface
12.7138,0.100176,-2.479765,-1.076536,-2.351285,2.181721,0.222432,Move_to_Surface
12.7541,0.099767,-2.480551,-1.074584,-2.352555,2.181328,0.222248,Move_to_Surface
12.7948,0.09949,-2.481082,-1.073264,-2.353414,2.181055,0.222124,Move_to_Surface
12.8353,0.099213,-2.481614,-1.071944,-2.354273,2.180783,0.222,Move_to_Surface
12.8758,0.099078,-2.481871,-1.071305,-2.35469,2.180648,0.221939,Move_to_Surface
12.9162,0.098943,-2.482128,-1.070666,-2.355106,2.180513,0.221878,Move_to_Surface
12.9567,0.098943,-2.482128,-1.070666,-2.355106,2.180513,0.221878,Move_to_Surface
12.9971,0.098943,-2.482128,-1.070666,-2.355106,2.180513,0.221878,Move_to_Surface
13.0384,0.098943,-2.482128,-1.070666,-2.355106,2.180513,0.221878,Move_to_Surface
13.12,0.098943,-2.482128,-1.070666,-2.355106,2.180513,0.221878,Move_to_Surface
13.1595,0.098943,-2.482128,-1.070666,-2.355106,2.180513,0.221878,Move_to_Surface
13.2,0.098943,-2.482128,-1.070666,-2.355106,2.180513,0.221878,Move_to_Surface
13.2411,0.099556,-2.4819,-1.069878,-2.355812,2.181622,0.222457,Move_to_Surface
13.2816,0.100168,-2.481672,-1.069089,-2.356517,2.18273,0.223037,Move_to_Surface
13.3218,0.101424,-2.481207,-1.067442,-2.357957,2.185004,0.224222,Move_to_Surface
13.3623,0.10268,-2.480743,-1.065795,-2.359396,2.187277,0.225407,Move_to_Surface
13.4027,0.104515,-2.480078,-1.063338,-2.361501,2.190629,0.227117,Move_to_Surface
13.4433,0.106351,-2.479412,-1.060881,-2.363606,2.193982,0.228827,Move_to_Surface
13.484,0.108691,-2.478599,-1.057689,-2.366305,2.198302,0.230971,Move_to_Surface
13.5242,0.111031,-2.477786,-1.054496,-2.369005,2.202623,0.233115,Move_to_Surface
13.5658,0.11381,-2.476855,-1.050652,-2.372229,2.20781,0.235649,Move_to_Surface
13.6052,0.116588,-2.475923,-1.046808,-2.375453,2.212997,0.238183,Move_to_Surface
13.6455,0.11975,-2.474881,-1.04239,-2.379122,2.218926,0.24112,Move_to_Surface
13.6864,0.122911,-2.473839,-1.037972,-2.382792,2.224854,0.244057,Move_to_Surface
13.7269,0.126406,-2.472678,-1.033052,-2.38683,2.231405,0.247413,Move_to_Surface
13.7672,0.129901,-2.471516,-1.028132,-2.390868,2.237956,0.25077,Move_to_Surface
13.8075,0.133679,-2.470231,-1.022768,-2.3952,2.245013,0.254517,Move_to_Surface
13.8479,0.137457,-2.468946,-1.017404,-2.399532,2.252071,0.258264,Move_to_Surface
13.8898,0.14149,-2.467539,-1.011649,-2.404124,2.259555,0.262368,Move_to_Surface
13.93,0.145523,-2.466132,-1.005894,-2.408715,2.267038,0.266472,Move_to_Surface
13.9695,0.149798,-2.464581,-0.999775,-2.413539,2.274879,0.270914,Move_to_Surface
14.0103,0.154073,-2.46303,-0.993656,-2.418362,2.282721,0.275356,Move_to_Surface
14.0507,0.158593,-2.461317,-0.987199,-2.423404,2.290862,0.28015,Move_to_Surface
14.0911,0.163114,-2.459603,-0.980743,-2.428447,2.299003,0.284943,Move_to_Surface
14.1315,0.167862,-2.457715,-0.973977,-2.433676,2.307378,0.290057,Move_to_Surface
14.1721,0.17261,-2.455827,-0.967212,-2.438905,2.315753,0.295171,Move_to_Surface
14.2126,0.177547,-2.453792,-0.960193,-2.444282,2.324296,0.300543,Move_to_Surface
14.253,0.182484,-2.451757,-0.953175,-2.449658,2.33284,0.305914,Move_to_Surface
14.2937,0.187553,-2.449612,-0.945963,-2.455134,2.341481,0.31147,Move_to_Surface
14.3342,0.192622,-2.447466,-0.938751,-2.460611,2.350122,0.317026,Move_to_Surface
14.375,0.197763,-2.445232,-0.931415,-2.46612,2.358774,0.322736,Move_to_Surface
14.4172,0.202904,-2.442997,-0.92408,-2.471628,2.367426,0.328447,Move_to_Surface
14.4567,0.208066,-2.440677,-0.916686,-2.477097,2.375982,0.334299,Move_to_Surface
14.4982,0.213229,-2.438357,-0.909292,-2.482566,2.384538,0.340152,Move_to_Surface
14.5381,0.218361,-2.435954,-0.901932,-2.487924,2.392879,0.346112,Move_to_Surface
14.5778,0.223493,-2.433552,-0.894571,-2.493283,2.401221,0.352073,Move_to_Surface
14.6183,0.228538,-2.431101,-0.887338,-2.498471,2.409233,0.358068,Move_to_Surface
14.6587,0.233582,-2.42865,-0.880105,-2.503659,2.417245,0.364062,Move_to_Surface
14.6991,0.238469,-2.426198,-0.8731,-2.508625,2.424822,0.369992,Move_to_Surface
14.7396,0.243355,-2.423747,-0.866096,-2.513591,2.4324,0.375923,Move_to_Surface
14.78,0.248008,-2.421356,-0.859403,-2.51827,2.439451,0.381691,Move_to_Surface
14.8208,0.252661,-2.418966,-0.852711,-2.522949,2.446503,0.38746,Move_to_Surface
14.8608,0.257009,-2.416686,-0.846419,-2.527287,2.452954,0.392958,Move_to_Surface
14.9029,0.261357,-2.414406,-0.840127,-2.531623,2.459404,0.398457,Move_to_Surface
14.9415,0.265336,-2.412292,-0.834333,-2.535563,2.465197,0.403578,Move_to_Surface
14.9821,0.269314,-2.410179,-0.828539,-2.539503,2.47099,0.408699,Move_to_Surface
15.0225,0.272857,-2.408287,-0.823347,-2.542992,2.47608,0.413325,Move_to_Surface
15.0643,0.2764,-2.406395,-0.818155,-2.54648,2.481171,0.417951,Move_to_Surface
15.1035,0.279435,-2.404773,-0.813656,-2.549458,2.485511,0.421987,Move_to_Surface
15.1439,0.282471,-2.403151,-0.809158,-2.552435,2.489851,0.426024,Move_to_Surface
15.1849,0.284935,-2.401834,-0.805434,-2.554833,2.493394,0.429371,Move_to_Surface
15.2253,0.287399,-2.400517,-0.801709,-2.557231,2.496937,0.432718,Move_to_Surface
15.2668,0.289252,-2.399526,-0.798838,-2.559024,2.499629,0.435291,Move_to_Surface
15.3106,0.291104,-2.398534,-0.795966,-2.560816,2.502321,0.437865,Move_to_Surface
15.3513,0.292324,-2.397879,-0.794028,-2.561983,2.50412,0.439583,Move_to_Surface
15.3918,0.293544,-2.397224,-0.79209,-2.563149,2.505919,0.441301,Move_to_Surface
15.4322,0.294122,-2.396914,-0.791154,-2.5637,2.506782,0.44212,Move_to_Surface
15.4731,0.294701,-2.396603,-0.790218,-2.564251,2.507645,0.44294,Move_to_Surface
15.5136,0.294701,-2.396603,-0.790218,-2.564251,2.507645,0.44294,Move_to_Surface
15.5539,0.294701,-2.396603,-0.790218,-2.564251,2.507645,0.44294,Move_to_Surface
15.5943,0.294701,-2.396603,-0.790218,-2.564251,2.507645,0.44294,Move_to_Surface
15.6751,0.294701,-2.396603,-0.790218,-2.564251,2.507645,0.44294,Move_to_Surface
15.7181,0.294701,-2.396603,-0.790218,-2.564251,2.507645,0.44294,Move_to_Surface
15.7558,0.294701,-2.396603,-0.790218,-2.564251,2.507645,0.44294,Move_to_Surface
15.7963,0.294859,-2.396331,-0.79083,-2.563801,2.507784,0.443083,Move_to_Surface
15.8368,0.295017,-2.396059,-0.791442,-2.563352,2.507922,0.443226,Move_to_Surface
15.8778,0.295344,-2.395495,-0.792705,-2.562415,2.508209,0.44352,Move_to_Surface
15.9176,0.295671,-2.39493,-0.793968,-2.561479,2.508495,0.443814,Move_to_Surface
15.9582,0.296157,-2.39409,-0.795843,-2.56009,2.508921,0.444251,Move_to_Surface
15.9985,0.296643,-2.39325,-0.797719,-2.558702,2.509347,0.444687,Move_to_Surface
16.039,0.297276,-2.392164,-0.800147,-2.556898,2.509905,0.445255,Move_to_Surface
16.0801,0.297909,-2.391077,-0.802576,-2.555094,2.510463,0.445822,Move_to_Surface
16.1207,0.298673,-2.389766,-0.805505,-2.552926,2.51114,0.446509,Move_to_Surface
16.1604,0.299438,-2.388456,-0.808435,-2.550756,2.511817,0.447196,Move_to_Surface
16.2024,0.300319,-2.386945,-0.811802,-2.548254,2.512599,0.447983,Move_to_Surface
16.2429,0.301199,-2.385435,-0.815169,-2.545751,2.51338,0.448771,Move_to_Surface
16.2833,0.302187,-2.383741,-0.818944,-2.54295,2.514259,0.449652,Move_to_Surface
16.3237,0.303174,-2.382047,-0.822719,-2.540149,2.515138,0.450532,Move_to_Surface
16.3641,0.304258,-2.380187,-0.826867,-2.53707,2.516105,0.451494,Move_to_Surface
16.4045,0.305341,-2.378326,-0.831015,-2.53399,2.517071,0.452455,Move_to_Surface
16.4449,0.306512,-2.376316,-0.835513,-2.530662,2.518116,0.453498,Move_to_Surface
16.4854,0.307682,-2.374305,-0.84001,-2.527333,2.519161,0.454541,Move_to_Surface
16.5259,0.308928,-2.372159,-0.844811,-2.523777,2.520258,0.455652,Move_to_Surface
16.5665,0.310174,-2.370012,-0.849613,-2.52022,2.521356,0.456763,Move_to_Surface
16.6069,0.311485,-2.367747,-0.854675,-2.516467,2.522502,0.457943,Move_to_Surface
16.6474,0.312797,-2.365481,-0.859736,-2.512715,2.523648,0.459123,Move_to_Surface
16.6878,0.314163,-2.363122,-0.865009,-2.508805,2.524834,0.460358,Move_to_Surface
16.7284,0.31553,-2.360762,-0.870281,-2.504896,2.52602,0.461592,Move_to_Surface
16.7688,0.316936,-2.358333,-0.875699,-2.500875,2.527236,0.462871,Move_to_Surface
16.8093,0.318342,-2.355904,-0.881116,-2.496853,2.528454,0.46415,Move_to_Surface
16.8497,0.31977,-2.353436,-0.886611,-2.492772,2.529685,0.465451,Move_to_Surface
16.8902,0.321198,-2.350969,-0.892106,-2.488691,2.530916,0.466751,Move_to_Surface
16.9312,0.322631,-2.348483,-0.897616,-2.484584,2.532137,0.468061,Move_to_Surface
16.9714,0.324064,-2.345996,-0.903126,-2.480477,2.533357,0.469371,Move_to_Surface
17.0127,0.325492,-2.343515,-0.90861,-2.476387,2.534566,0.470681,Move_to_Surface
17.053,0.32692,-2.341035,-0.914093,-2.472297,2.535775,0.471991,Move_to_Surface
17.0931,0.328333,-2.338582,-0.919509,-2.468248,2.536959,0.473298,Move_to_Surface
17.1334,0.329746,-2.336129,-0.924925,-2.464198,2.538142,0.474606,Move_to_Surface
17.1747,0.33113,-2.333722,-0.930227,-2.460236,2.539291,0.475898,Move_to_Surface
17.2145,0.332514,-2.331315,-0.935529,-2.456274,2.54044,0.47719,Move_to_Surface
17.2549,0.333853,-2.328984,-0.940667,-2.452423,2.541533,0.47845,Move_to_Surface
17.2957,0.335193,-2.326652,-0.945806,-2.448573,2.542627,0.479711,Move_to_Surface
17.3361,0.336469,-2.324421,-0.950716,-2.444897,2.543657,0.480917,Move_to_Surface
17.3767,0.337745,-2.322189,-0.955627,-2.441221,2.544688,0.482123,Move_to_Surface
17.4172,0.338943,-2.320098,-0.960247,-2.437764,2.545655,0.483252,Move_to_Surface
17.4576,0.340141,-2.318007,-0.964867,-2.434308,2.546622,0.484381,Move_to_Surface
17.4981,0.341242,-2.316083,-0.969121,-2.431133,2.547515,0.485415,Move_to_Surface
17.5386,0.342342,-2.314159,-0.973375,-2.427959,2.548409,0.48645,Move_to_Surface
17.5791,0.343334,-2.312427,-0.977207,-2.425097,2.549221,0.487373,Move_to_Surface
17.62,0.344326,-2.310694,-0.981038,-2.422235,2.550033,0.488296,Move_to_Surface
17.6623,0.345192,-2.309182,-0.98438,-2.419738,2.550744,0.489103,Move_to_Surface
17.7008,0.346057,-2.30767,-0.987721,-2.417241,2.551455,0.48991,Move_to_Surface
17.7413,0.346784,-2.306402,-0.990518,-2.415148,2.552055,0.490584,Move_to_Surface
17.7819,0.347511,-2.305134,-0.993315,-2.413055,2.552655,0.491259,Move_to_Surface
17.8226,0.348077,-2.30415,-0.995486,-2.411431,2.553125,0.491788,Move_to_Surface
17.8634,0.348643,-2.303165,-0.997657,-2.409806,2.553595,0.492318,Move_to_Surface
17.9038,0.34903,-2.30249,-0.999139,-2.408693,2.553916,0.49268,Move_to_Surface
17.9443,0.349418,-2.301814,-1.000621,-2.40758,2.554238,0.493041,Move_to_Surface
17.9848,0.349607,-2.301483,-1.001342,-2.407035,2.554394,0.493218,Move_to_Surface
18.0253,0.349796,-2.301152,-1.002063,-2.40649,2.554549,0.493396,Move_to_Surface
18.0661,0.349796,-2.301152,-1.002063,-2.40649,2.554549,0.493396,Move_to_Surface
18.1063,0.349796,-2.301152,-1.002063,-2.40649,2.554549,0.493396,Move_to_Surface
18.1486,0.349796,-2.301152,-1.002063,-2.40649,2.554549,0.493396,Move_to_Surface
18.2299,0.349796,-2.301152,-1.002063,-2.40649,2.554549,0.493396,pouring
18.2713,0.349796,-2.301152,-1.002063,-2.40649,2.554549,0.493396,pouring
18.3113,0.349796,-2.301152,-1.002063,-2.40649,2.554549,0.493396,pouring
18.3525,0.349796,-2.301152,-1.002063,-2.40649,2.554549,0.493396,pouring
18.3929,0.349794,-2.301373,-1.001715,-2.407575,2.554383,0.493869,pouring
18.4345,0.349768,-2.30456,-0.996689,-2.423229,2.551977,0.500695,pouring
18.4752,0.349741,-2.307748,-0.991663,-2.438884,2.549572,0.507521,pouring
18.516,0.34971,-2.310928,-0.986713,-2.454427,2.547268,0.514411,pouring
18.5567,0.349679,-2.314108,-0.981773,-2.469956,2.544978,0.521311,pouring
18.5982,0.349633,-2.31727,-0.97691,-2.485416,2.542759,0.528246,pouring
18.6385,0.34958,-2.320425,-0.972082,-2.500845,2.540573,0.535197,pouring
18.6797,0.349525,-2.323566,-0.967306,-2.516213,2.538436,0.542185,pouring
18.7203,0.349466,-2.326692,-0.96258,-2.531523,2.536347,0.549209,pouring
18.7611,0.349402,-2.329809,-0.957893,-2.546798,2.534295,0.556244,pouring
18.8022,0.349326,-2.332906,-0.953289,-2.562,2.532321,0.563303,pouring
18.8426,0.349249,-2.335998,-0.948698,-2.577188,2.530361,0.570372,pouring
18.8838,0.349163,-2.339066,-0.944198,-2.59228,2.528493,0.577496,pouring
18.9245,0.349078,-2.342087,-0.939767,-2.607144,2.526653,0.584513,pouring
18.966,0.348993,-2.34474,-0.935925,-2.620288,2.525104,0.590809,pouring
19.0064,0.348917,-2.347082,-0.932539,-2.631895,2.523743,0.596375,pouring
19.0481,0.348849,-2.34914,-0.929567,-2.642101,2.522554,0.601277,pouring
19.0883,0.348781,-2.350937,-0.927005,-2.651043,2.521563,0.605622,pouring
19.1291,0.348721,-2.352535,-0.924727,-2.658993,2.520683,0.609485,pouring
19.17,0.348667,-2.353981,-0.922667,-2.666185,2.519887,0.61298,pouring
19.2113,0.348617,-2.355298,-0.920789,-2.672739,2.519161,0.616165,pouring
19.2526,0.348569,-2.356517,-0.919073,-2.678857,2.518524,0.619174,pouring
19.294,0.348522,-2.357701,-0.917408,-2.684808,2.517909,0.622105,pouring
19.3348,0.348475,-2.358884,-0.915746,-2.690751,2.517296,0.625032,pouring
19.3756,0.348427,-2.360104,-0.914031,-2.696881,2.516663,0.628052,pouring
19.4163,0.348376,-2.361395,-0.912216,-2.70337,2.515993,0.631248,pouring
19.4571,0.348315,-2.362775,-0.910296,-2.710331,2.515304,0.634701,pouring
19.4982,0.348245,-2.364267,-0.90823,-2.71788,2.514573,0.638461,pouring
19.5396,0.348169,-2.365893,-0.90598,-2.726102,2.513777,0.642556,pouring
19.5807,0.348087,-2.367641,-0.903561,-2.734942,2.512921,0.646958,pouring
19.6228,0.347994,-2.369486,-0.901032,-2.744351,2.512057,0.651693,pouring
19.6634,0.347893,-2.371436,-0.898371,-2.754332,2.511163,0.656741,pouring
19.7041,0.347787,-2.373475,-0.895589,-2.764772,2.510228,0.66202,pouring
19.7459,0.347673,-2.375664,-0.893209,-2.77502,2.509304,0.667517,pouring
19.7874,0.347554,-2.377955,-0.891237,-2.784923,2.508407,0.673122,pouring
19.8277,0.347433,-2.380267,-0.889245,-2.794918,2.507501,0.67878,pouring
19.8699,0.347307,-2.38356,-0.891556,-2.799646,2.506654,0.684467,pouring
19.9105,0.347178,-2.387364,-0.89617,-2.801514,2.505843,0.690141,pouring
19.9511,0.34705,-2.391124,-0.900731,-2.80336,2.505041,0.69575,pouring
19.9915,0.346921,-2.394982,-0.904957,-2.805269,2.504315,0.701282,pouring
20.0333,0.346793,-2.398796,-0.909004,-2.80716,2.503627,0.706686,pouring
20.0739,0.346669,-2.402505,-0.91294,-2.809,2.502957,0.711942,pouring
20.1152,0.346542,-2.406217,-0.916496,-2.810853,2.50237,0.717032,pouring
20.1565,0.346417,-2.409841,-0.919826,-2.812666,2.501828,0.721939,pouring
20.1992,0.346296,-2.413327,-0.92303,-2.81441,2.501306,0.72666,pouring
20.2423,0.346179,-2.416719,-0.926022,-2.816114,2.500827,0.731192,pouring
20.2811,0.346061,-2.420091,-0.928716,-2.817824,2.500413,0.735561,pouring
20.3223,0.345948,-2.42333,-0.931305,-2.819467,2.500015,0.73976,pouring
20.3636,0.345839,-2.426461,-0.933807,-2.821055,2.499631,0.743818,pouring
20.4051,0.345731,-2.429557,-0.936155,-2.822632,2.499282,0.747772,pouring
20.4465,0.345624,-2.432659,-0.938292,-2.824224,2.498982,0.751634,pouring
20.488,0.345518,-2.435707,-0.940392,-2.825788,2.498689,0.755428,pouring
20.5298,0.345413,-2.438726,-0.942472,-2.827337,2.498398,0.759187,pouring
20.5701,0.34531,-2.44171,-0.944529,-2.828869,2.49811,0.762903,pouring
20.6121,0.345201,-2.44481,-0.946355,-2.830482,2.497881,0.766612,pouring
20.6531,0.345092,-2.447921,-0.948186,-2.832101,2.497652,0.770334,pouring
20.6943,0.344982,-2.451062,-0.950035,-2.833735,2.49742,0.774091,pouring
20.7361,0.344871,-2.45425,-0.951912,-2.835394,2.497185,0.777905,pouring
20.779,0.344753,-2.457609,-0.953715,-2.837156,2.496981,0.781849,pouring
20.8227,0.344634,-2.460983,-0.955407,-2.838937,2.496805,0.785761,pouring
20.8636,0.344518,-2.464293,-0.957067,-2.840683,2.496633,0.789599,pouring
20.9043,0.344403,-2.467544,-0.958698,-2.842398,2.496464,0.793367,pouring
20.9456,0.344291,-2.470722,-0.960233,-2.84408,2.496313,0.797023,pouring
20.9859,0.344179,-2.473899,-0.961565,-2.845779,2.496211,0.800578,pouring
21.0262,0.344071,-2.476975,-0.962855,-2.847424,2.496113,0.804021,pouring
21.0668,0.343966,-2.479965,-0.964108,-2.849024,2.496017,0.807366,pouring
21.1073,0.343863,-2.482884,-0.965332,-2.850585,2.495924,0.810632,pouring
21.1493,0.343761,-2.485758,-0.966477,-2.852128,2.495847,0.813824,pouring
21.1901,0.343658,-2.48865,-0.967469,-2.853696,2.495811,0.816967,pouring
21.2311,0.343557,-2.491507,-0.968448,-2.855246,2.495775,0.820073,pouring
21.2718,0.343457,-2.494331,-0.969417,-2.856777,2.495739,0.823142,pouring
21.3127,0.343357,-2.49714,-0.97038,-2.8583,2.495704,0.826195,pouring
21.3534,0.343257,-2.49995,-0.971344,-2.859824,2.495669,0.829249,pouring
21.3946,0.343156,-2.502831,-0.972152,-2.861411,2.495674,0.832297,pouring
21.4351,0.343053,-2.505734,-0.97293,-2.863014,2.495687,0.835349,pouring
21.4759,0.34295,-2.508653,-0.973712,-2.864627,2.4957,0.838419,pouring
21.5168,0.342847,-2.511571,-0.974495,-2.866239,2.495714,0.841488,pouring
21.5576,0.342743,-2.514498,-0.975279,-2.867856,2.495727,0.844566,pouring
21.5984,0.342638,-2.517468,-0.976013,-2.869506,2.495759,0.847662,pouring
21.6392,0.342532,-2.520485,-0.976643,-2.871201,2.495825,0.850756,pouring
21.68,0.342426,-2.523502,-0.977272,-2.872896,2.495892,0.853849,pouring
21.7207,0.34232,-2.526519,-0.977901,-2.874591,2.495958,0.856944,pouring
21.7622,0.342214,-2.52953,-0.978529,-2.876282,2.496024,0.860031,pouring
21.8028,0.342108,-2.532536,-0.979157,-2.877971,2.49609,0.863114,pouring
21.8445,0.342,-2.535601,-0.979612,-2.879718,2.496201,0.866182,pouring
21.8864,0.341892,-2.538655,-0.980045,-2.881463,2.496316,0.86923,pouring
21.927,0.341785,-2.541691,-0.980475,-2.883198,2.49643,0.872261,pouring
21.9685,0.341679,-2.544684,-0.980898,-2.884908,2.496543,0.875249,pouring
22.0092,0.341575,-2.547638,-0.981316,-2.886595,2.496655,0.878196,pouring
22.0512,0.341498,-2.549818,-0.981625,-2.88784,2.496737,0.880373,pouring
22.0514,0.341771,-2.542068,-0.980528,-2.883413,2.496445,0.872637,pouring
22.0924,0.342045,-2.534318,-0.979431,-2.878986,2.496152,0.864902,pouring
22.1326,0.342311,-2.52676,-0.977952,-2.874726,2.495963,0.857191,pouring
22.1729,0.342576,-2.519246,-0.976384,-2.870505,2.495798,0.849485,pouring
22.2132,0.342837,-2.511858,-0.974572,-2.866397,2.495715,0.84179,pouring
22.2534,0.343095,-2.504546,-0.972612,-2.862358,2.495682,0.8341,pouring
22.2939,0.34335,-2.49734,-0.970449,-2.858408,2.495702,0.826413,pouring
22.3341,0.343601,-2.490271,-0.968025,-2.854575,2.495791,0.818729,pouring
22.3761,0.343849,-2.483261,-0.96549,-2.850787,2.495912,0.811055,pouring
22.4165,0.34409,-2.476426,-0.962625,-2.847131,2.49613,0.803406,pouring
22.4566,0.344331,-2.469606,-0.959732,-2.843486,2.496357,0.795758,pouring
22.4972,0.344562,-2.463019,-0.956428,-2.840011,2.496699,0.788122,pouring
22.5372,0.344794,-2.456432,-0.953125,-2.836536,2.497042,0.780485,pouring
22.578,0.345018,-2.450053,-0.949441,-2.83321,2.497494,0.772884,pouring
22.6183,0.34524,-2.443704,-0.945704,-2.829907,2.497963,0.765289,pouring
22.6588,0.345455,-2.437536,-0.941653,-2.826727,2.498512,0.757706,pouring
22.6989,0.345666,-2.431449,-0.937459,-2.823603,2.499099,0.750128,pouring
22.7397,0.345873,-2.425495,-0.933035,-2.820565,2.49975,0.742566,pouring
22.7801,0.346076,-2.419673,-0.928383,-2.817612,2.500464,0.73502,pouring
22.8202,0.346275,-2.413934,-0.923588,-2.814714,2.501215,0.727482,pouring
22.8606,0.346467,-2.408379,-0.918482,-2.811934,2.502047,0.719959,pouring
22.9012,0.346657,-2.402859,-0.913316,-2.809176,2.502893,0.712444,pouring
22.9416,0.346833,-2.39759,-0.907724,-2.806562,2.503845,0.704977,pouring
22.9819,0.34701,-2.39232,-0.902132,-2.803949,2.504796,0.69751,pouring
23.0221,0.347179,-2.387314,-0.89611,-2.801489,2.505853,0.690067,pouring
23.0625,0.347349,-2.382326,-0.890059,-2.799041,2.506917,0.682627,pouring
23.1029,0.347509,-2.378809,-0.890502,-2.788612,2.508073,0.675211,pouring
23.1433,0.347667,-2.375781,-0.893109,-2.775525,2.509258,0.667803,pouring
23.1838,0.347819,-2.372857,-0.896433,-2.761607,2.510511,0.66042,pouring
23.2239,0.347967,-2.370012,-0.900314,-2.747044,2.511815,0.653055,pouring
23.2652,0.34811,-2.367146,-0.904246,-2.732436,2.513164,0.64571,pouring
23.3049,0.348246,-2.364242,-0.908265,-2.717751,2.514585,0.638397,pouring
23.3459,0.348378,-2.361332,-0.912305,-2.703051,2.516026,0.631091,pouring
23.3863,0.348495,-2.358393,-0.916436,-2.688284,2.517551,0.623817,pouring
23.4272,0.348611,-2.355454,-0.920566,-2.673516,2.519075,0.616543,pouring
23.4676,0.348724,-2.352464,-0.924828,-2.65864,2.520722,0.609314,pouring
23.508,0.348837,-2.349474,-0.92909,-2.643764,2.52237,0.602085,pouring
23.5483,0.348937,-2.346458,-0.93344,-2.628806,2.524106,0.594893,pouring
23.5887,0.349035,-2.343437,-0.937809,-2.613829,2.525862,0.587711,pouring
23.6292,0.349126,-2.340387,-0.94226,-2.59878,2.527688,0.580565,pouring
23.6697,0.349212,-2.337319,-0.94676,-2.583688,2.529556,0.57344,pouring
23.7101,0.349294,-2.334239,-0.951305,-2.568548,2.531471,0.566344,pouring
23.7504,0.349369,-2.331143,-0.95591,-2.553345,2.533445,0.559284,pouring
23.7908,0.349441,-2.328039,-0.960545,-2.538116,2.535447,0.552234,pouring
23.8313,0.3495,-2.324912,-0.96527,-2.522807,2.537536,0.54521,pouring
23.8716,0.349558,-2.321784,-0.970002,-2.50749,2.539631,0.538191,pouring
23.9121,0.34961,-2.318629,-0.974831,-2.492061,2.541818,0.53124,pouring
23.9524,0.349663,-2.315474,-0.979659,-2.476632,2.544004,0.524289,pouring
23.9929,0.349697,-2.312298,-0.984585,-2.461115,2.546282,0.517383,pouring
24.0332,0.349728,-2.309118,-0.989525,-2.445587,2.548572,0.510483,pouring
24.0736,0.349756,-2.305933,-0.994524,-2.429972,2.550941,0.503634,pouring
24.114,0.349783,-2.302746,-0.99955,-2.414317,2.553347,0.496809,pouring
24.1546,0.349796,-2.301152,-1.002063,-2.40649,2.554549,0.493396,pouring
24.195,0.349796,-2.301152,-1.002063,-2.40649,2.554549,0.493396,pouring
24.2353,0.349796,-2.301152,-1.002063,-2.40649,2.554549,0.493396,pouring
24.2766,0.349796,-2.301152,-1.002063,-2.40649,2.554549,0.493396,Place
24.3168,0.349796,-2.301152,-1.002063,-2.40649,2.554549,0.493396,Place
24.3573,0.349796,-2.301152,-1.002063,-2.40649,2.554549,0.493396,Place
24.3978,0.349641,-2.301425,-1.001457,-2.406941,2.554418,0.493252,Place
24.4383,0.349485,-2.301697,-1.00085,-2.407393,2.554287,0.493108,Place
24.4788,0.34916,-2.302269,-0.999587,-2.408336,2.554021,0.492804,Place
24.5194,0.348835,-2.30284,-0.998324,-2.409278,2.553755,0.4925,Place
24.5597,0.348349,-2.303695,-0.996441,-2.410687,2.55336,0.492045,Place
24.6001,0.347863,-2.30455,-0.994558,-2.412097,2.552966,0.491591,Place
24.6408,0.347231,-2.305665,-0.992103,-2.41393,2.552449,0.491004,Place
24.6813,0.346599,-2.306779,-0.989647,-2.415764,2.551931,0.490417,Place
24.7218,0.345837,-2.308123,-0.986678,-2.417976,2.551307,0.489715,Place
24.7623,0.345076,-2.309467,-0.983709,-2.420188,2.550682,0.489014,Place
24.8027,0.344201,-2.311011,-0.980286,-2.422732,2.549967,0.488207,Place
24.8432,0.343326,-2.312555,-0.976862,-2.425277,2.549251,0.4874,Place
24.8843,0.342348,-2.314277,-0.973042,-2.428117,2.548458,0.486493,Place
24.9247,0.341371,-2.315999,-0.969222,-2.430958,2.547664,0.485587,Place
24.9652,0.340297,-2.317884,-0.965046,-2.43407,2.546793,0.484586,Place
25.0057,0.339224,-2.31977,-0.960871,-2.437182,2.545921,0.483585,Place
25.0461,0.338063,-2.321805,-0.956374,-2.440541,2.544977,0.482502,Place
25.0866,0.336902,-2.323841,-0.951878,-2.4439,2.544033,0.481418,Place
25.127,0.335664,-2.326009,-0.947094,-2.447477,2.543022,0.480263,Place
25.1674,0.334426,-2.328177,-0.94231,-2.451054,2.542012,0.479108,Place
25.2085,0.333121,-2.330456,-0.937279,-2.454816,2.540941,0.477891,Place
25.2484,0.331816,-2.332735,-0.932247,-2.458579,2.539869,0.476674,Place
25.2886,0.330454,-2.335104,-0.927014,-2.462489,2.53874,0.475404,Place
25.3291,0.329092,-2.337473,-0.92178,-2.4664,2.537611,0.474135,Place
25.3695,0.327688,-2.339904,-0.916401,-2.470418,2.536436,0.472831,Place
25.41,0.326285,-2.342335,-0.911022,-2.474436,2.535261,0.471527,Place
25.4503,0.324861,-2.344804,-0.905558,-2.478513,2.534059,0.470213,Place
25.4931,0.323437,-2.347272,-0.900093,-2.48259,2.532857,0.468898,Place
25.5318,0.322009,-2.349748,-0.894598,-2.486683,2.531645,0.467589,Place
25.5721,0.320582,-2.352224,-0.889103,-2.490777,2.530432,0.46628,Place
25.6134,0.31916,-2.354691,-0.883621,-2.494854,2.529213,0.464986,Place
25.6536,0.317738,-2.357158,-0.87814,-2.498931,2.527995,0.463691,Place
25.6941,0.316329,-2.359591,-0.872718,-2.502957,2.526772,0.462415,Place
25.7344,0.31492,-2.362023,-0.867296,-2.506983,2.525549,0.46114,Place
25.7748,0.313537,-2.364402,-0.86199,-2.51092,2.524334,0.459893,Place
25.8161,0.312154,-2.366781,-0.856684,-2.514857,2.523119,0.458647,Place
25.8556,0.310814,-2.369078,-0.851554,-2.518661,2.521932,0.457446,Place
25.898,0.309474,-2.371374,-0.846423,-2.522465,2.520745,0.456244,Place
25.9366,0.308194,-2.373567,-0.841531,-2.526097,2.519606,0.4551,Place
25.977,0.306913,-2.37576,-0.836638,-2.529729,2.518466,0.453955,Place
26.0177,0.305707,-2.377821,-0.832041,-2.533143,2.51739,0.452877,Place
26.0582,0.3045,-2.379883,-0.827445,-2.536557,2.516313,0.451798,Place
26.0996,0.303383,-2.381788,-0.823207,-2.539711,2.51532,0.450794,Place
26.14,0.302266,-2.383693,-0.818969,-2.542866,2.514327,0.44979,Place
26.1812,0.301257,-2.385409,-0.815145,-2.545711,2.513435,0.448878,Place
26.2216,0.300249,-2.387126,-0.811321,-2.548557,2.512543,0.447965,Place
26.2621,0.299367,-2.38863,-0.807973,-2.551047,2.511766,0.447165,Place
26.3025,0.298486,-2.390134,-0.804625,-2.553537,2.51099,0.446366,Place
26.3429,0.297751,-2.391392,-0.80182,-2.55562,2.510339,0.445699,Place
26.3835,0.297015,-2.39265,-0.799015,-2.557702,2.509689,0.445033,Place
26.4239,0.296443,-2.393632,-0.796831,-2.559323,2.509179,0.444516,Place
26.4647,0.295871,-2.394614,-0.794647,-2.560944,2.508669,0.443999,Place
26.5051,0.29548,-2.395284,-0.79316,-2.562049,2.508324,0.443643,Place
26.5456,0.29509,-2.395953,-0.791673,-2.563153,2.507979,0.443287,Place
26.5868,0.294899,-2.39628,-0.790948,-2.563693,2.507813,0.44311,Place
26.6264,0.294708,-2.396608,-0.790222,-2.564233,2.507647,0.442933,Place
26.6668,0.294708,-2.396608,-0.790222,-2.564233,2.507647,0.442933,Place
26.7071,0.294708,-2.396608,-0.790222,-2.564233,2.507647,0.442933,Place
26.7475,0.294708,-2.396608,-0.790222,-2.564233,2.507647,0.442933,Place
26.8283,0.294708,-2.396608,-0.790222,-2.564233,2.507647,0.442933,Place
26.8685,0.294708,-2.396608,-0.790222,-2.564233,2.507647,0.442933,Place
26.9089,0.294708,-2.396608,-0.790222,-2.564233,2.507647,0.442933,Place
26.9517,0.293548,-2.396851,-0.790347,-2.56422,2.507236,0.442542,Place
26.9921,0.29078,-2.397431,-0.790645,-2.564191,2.506253,0.44161,Place
27.0327,0.288012,-2.398011,-0.790943,-2.564162,2.505271,0.440679,Place
27.0732,0.282834,-2.399068,-0.791416,-2.564087,2.503476,0.438945,Place
27.1143,0.277192,-2.400216,-0.791922,-2.564002,2.501525,0.437058,Place
27.1547,0.270868,-2.401497,-0.792456,-2.563902,2.499356,0.43496,Place
27.1952,0.262584,-2.40316,-0.79307,-2.563757,2.496556,0.432255,Place
27.2355,0.254301,-2.404822,-0.793684,-2.563613,2.493757,0.42955,Place
27.276,0.244389,-2.406805,-0.794327,-2.563441,2.490453,0.42638,Place
27.3164,0.233703,-2.408939,-0.794984,-2.563255,2.486908,0.422988,Place
27.3569,0.222811,-2.411115,-0.795642,-2.563067,2.483299,0.419545,Place
27.3973,0.210001,-2.413677,-0.796321,-2.562852,2.479083,0.415622,Place
27.4381,0.197191,-2.416239,-0.796999,-2.562637,2.474866,0.4117,Place
27.4787,0.183454,-2.418987,-0.797688,-2.562408,2.470338,0.407555,Place
27.519,0.168849,-2.421908,-0.798388,-2.562167,2.465518,0.403202,Place
27.5595,0.154243,-2.42483,-0.799087,-2.561926,2.460698,0.398849,Place
27.6,0.138212,-2.427995,-0.799812,-2.561621,2.455285,0.394198,Place
27.6406,0.122082,-2.431177,-0.800539,-2.561313,2.449831,0.389525,Place
27.6814,0.105484,-2.43443,-0.801287,-2.560972,2.444144,0.384762,Place
27.7218,0.088035,-2.437815,-0.802074,-2.560574,2.438034,0.379833,Place
27.7622,0.070586,-2.4412,-0.80286,-2.560176,2.431924,0.374904,Place
27.8026,0.052207,-2.444689,-0.803689,-2.559679,2.425266,0.369815,Place
27.8429,0.033556,-2.448209,-0.804529,-2.559154,2.418447,0.36468,Place
27.8838,0.014688,-2.45175,-0.805386,-2.558601,2.411497,0.359504,Place
27.9241,-0.005086,-2.455381,-0.806316,-2.557936,2.403996,0.354163,Place
27.9653,-0.02486,-2.459013,-0.807246,-2.55727,2.396495,0.348821,Place
28.0053,-0.045281,-2.462705,-0.808225,-2.55652,2.388596,0.343368,Place
28.0458,-0.066111,-2.466435,-0.809235,-2.555716,2.380445,0.337844,Place
28.0862,-0.086971,-2.470168,-0.810248,-2.554908,2.372276,0.332316,Place
28.1269,-0.108729,-2.47399,-0.811358,-2.553986,2.363586,0.326649,Place
28.1672,-0.130488,-2.477812,-0.812468,-2.553065,2.354897,0.320983,Place
28.2075,-0.152564,-2.481661,-0.813601,-2.552098,2.346014,0.315296,Place
28.2489,-0.175027,-2.485543,-0.814761,-2.551075,2.336896,0.309585,Place
28.2905,-0.19749,-2.489425,-0.815921,-2.550052,2.327778,0.303874,Place
28.3316,-0.220323,-2.493303,-0.817089,-2.548942,2.318405,0.298173,Place
28.373,-0.243212,-2.49718,-0.818258,-2.547818,2.308996,0.292475,Place
28.413,-0.26616,-2.501043,-0.819419,-2.546665,2.299515,0.286797,Place
28.4534,-0.289256,-2.504869,-0.820561,-2.545442,2.28986,0.281171,Place
28.4945,-0.312351,-2.508696,-0.821703,-2.54422,2.280206,0.275544,Place
28.5354,-0.335452,-2.512471,-0.822835,-2.542938,2.270418,0.269975,Place
28.5773,-0.358557,-2.516225,-0.823962,-2.541633,2.260576,0.264429,Place
28.6171,-0.381643,-2.519968,-0.825091,-2.54032,2.250713,0.258898,Place
28.6575,-0.404606,-2.523633,-0.826225,-2.538958,2.24071,0.253471,Place
28.6982,-0.427569,-2.527298,-0.827358,-2.537596,2.230707,0.248044,Place
28.7416,-0.450323,-2.530886,-0.8285,-2.536195,2.220666,0.242705,Place
28.7803,-0.472907,-2.534412,-0.829648,-2.534763,2.210593,0.237439,Place
28.8209,-0.49549,-2.537938,-0.830797,-2.53333,2.20052,0.232173,Place
28.8612,-0.517509,-2.541269,-0.831928,-2.53183,2.190485,0.227136,Place
28.9017,-0.539509,-2.544594,-0.833059,-2.530327,2.180451,0.222106,Place
28.942,-0.561176,-2.547826,-0.834175,-2.528798,2.170496,0.217205,Place
28.9825,-0.582317,-2.550911,-0.835265,-2.527229,2.160664,0.212508,Place
29.0236,-0.603458,-2.553996,-0.836355,-2.52566,2.150832,0.20781,Place
29.064,-0.623697,-2.556868,-0.837392,-2.524076,2.141306,0.203442,Place
29.1044,-0.64372,-2.559689,-0.838416,-2.522488,2.131854,0.199152,Place
29.1454,-0.663401,-2.56245,-0.83942,-2.520914,2.122544,0.194968,Place
29.1857,-0.681913,-2.565002,-0.840359,-2.519383,2.113719,0.191146,Place
29.2265,-0.700425,-2.567555,-0.841298,-2.517853,2.104894,0.187323,Place
29.2668,-0.7177,-2.569915,-0.842158,-2.516404,2.096634,0.183822,Place
29.3073,-0.734295,-2.572169,-0.842974,-2.514998,2.088685,0.180497,Place
29.3476,-0.750741,-2.574403,-0.843778,-2.513606,2.080809,0.177206,Place
29.388,-0.765016,-2.576347,-0.844425,-2.512405,2.073986,0.17441,Place
29.4285,-0.779292,-2.578292,-0.845072,-2.511204,2.067164,0.171614,Place
29.4708,-0.792298,-2.580069,-0.845627,-2.510119,2.060965,0.169088,Place
29.5096,-0.803949,-2.581666,-0.846084,-2.509157,2.05543,0.166851,Place
29.55,-0.815601,-2.583264,-0.846541,-2.508195,2.049895,0.164613,Place
29.5914,-0.824703,-2.584522,-0.84682,-2.507457,2.045604,0.162877,Place
29.6318,-0.833531,-2.585743,-0.847079,-2.506744,2.041446,0.161194,Place
29.6729,-0.841395,-2.586831,-0.847288,-2.506109,2.03775,0.159693,Place
29.7133,-0.847233,-2.587637,-0.847389,-2.50564,2.035022,0.158572,Place
29.7538,-0.85307,-2.588443,-0.84749,-2.505171,2.032294,0.157451,Place
29.7965,-0.856635,-2.58893,-0.847521,-2.504882,2.030635,0.156755,Place
29.8347,-0.859409,-2.589307,-0.847528,-2.504654,2.029348,0.156206,Place
29.8752,-0.861736,-2.589623,-0.847534,-2.504463,2.028268,0.155746,Place
29.9157,-0.861736,-2.589623,-0.847534,-2.504463,2.028268,0.155746,Place
29.9562,-0.861736,-2.589623,-0.847534,-2.504463,2.028268,0.155746,Place
29.9967,-0.861736,-2.589623,-0.847534,-2.504463,2.028268,0.155746,Place
30.0372,-0.861736,-2.589623,-0.847534,-2.504463,2.028268,0.155746,Place
30.1182,-0.861736,-2.589623,-0.847534,-2.504463,2.028268,0.155746,Place
30.1582,-0.861736,-2.589623,-0.847534,-2.504463,2.028268,0.155746,Place
30.1987,-0.861736,-2.589623,-0.847534,-2.504463,2.028268,0.155746,Place
30.2391,-0.861641,-2.5893,-0.84828,-2.504017,2.028344,0.155783,Place
30.2797,-0.861547,-2.588977,-0.849025,-2.503572,2.02842,0.15582,Place
30.3203,-0.861354,-2.58832,-0.850559,-2.50266,2.028585,0.155889,Place
30.3608,-0.861162,-2.587662,-0.852092,-2.501748,2.02875,0.155958,Place
30.4011,-0.860884,-2.586701,-0.85435,-2.500412,2.029004,0.156061,Place
30.4421,-0.860605,-2.585739,-0.856609,-2.499076,2.029258,0.156163,Place
30.4835,-0.860247,-2.584489,-0.859528,-2.497338,2.02959,0.156302,Place
30.5245,-0.859888,-2.58324,-0.862447,-2.495601,2.029922,0.15644,Place
30.5657,-0.859461,-2.581747,-0.865937,-2.493531,2.030321,0.156608,Place
30.6068,-0.859033,-2.580253,-0.869426,-2.491461,2.030719,0.156776,Place
30.6473,-0.858543,-2.578549,-0.873413,-2.489096,2.031167,0.156959,Place
30.6883,-0.858052,-2.576844,-0.8774,-2.48673,2.031615,0.157142,Place
30.7293,-0.857508,-2.574959,-0.881823,-2.484117,2.032119,0.15734,Place
30.7698,-0.856963,-2.573074,-0.886246,-2.481503,2.032622,0.157539,Place
30.8109,-0.856371,-2.571009,-0.891057,-2.47864,2.033168,0.157757,Place
30.8513,-0.855778,-2.568944,-0.895867,-2.475777,2.033714,0.157975,Place
30.8923,-0.855143,-2.566731,-0.901028,-2.472711,2.034305,0.158214,Place
30.9332,-0.854508,-2.564519,-0.906188,-2.469644,2.034897,0.158454,Place
30.9742,-0.853834,-2.562181,-0.911643,-2.466405,2.035512,0.158701,Place
31.0146,-0.853161,-2.559843,-0.917097,-2.463165,2.036127,0.158948,Place
31.0555,-0.852454,-2.557401,-0.922836,-2.45978,2.036775,0.159204,Place
31.0964,-0.851747,-2.554958,-0.928574,-2.456396,2.037424,0.159461,Place
31.1373,-0.85101,-2.552407,-0.934554,-2.452855,2.038102,0.159732,Place
31.1782,-0.850274,-2.549855,-0.940533,-2.449315,2.038779,0.160003,Place
31.2187,-0.849515,-2.547202,-0.94673,-2.445638,2.039492,0.160297,Place
31.2597,-0.848757,-2.544549,-0.952928,-2.441962,2.040205,0.160591,Place
31.3002,-0.847977,-2.541826,-0.959289,-2.438178,2.04094,0.160891,Place
31.3412,-0.847198,-2.539103,-0.965651,-2.434394,2.041675,0.16119,Place
31.3822,-0.846405,-2.536335,-0.972131,-2.430556,2.042421,0.161487,Place
31.4227,-0.845613,-2.533566,-0.978611,-2.426717,2.043168,0.161784,Place
31.4637,-0.844815,-2.53078,-0.98513,-2.422849,2.043921,0.16208,Place
31.5052,-0.844017,-2.527994,-0.991649,-2.418982,2.044675,0.162375,Place
31.5457,-0.843231,-2.525228,-0.998106,-2.415142,2.045429,0.162678,Place
31.586,-0.842445,-2.522463,-1.004563,-2.411301,2.046182,0.162982,Place
31.6265,-0.84168,-2.519763,-1.01085,-2.407552,2.04692,0.163284,Place
31.6675,-0.840915,-2.517063,-1.017137,-2.403802,2.047658,0.163586,Place
31.7073,-0.840181,-2.514482,-1.023183,-2.400213,2.048364,0.163874,Place
31.7482,-0.839446,-2.511901,-1.029228,-2.396625,2.04907,0.164162,Place
31.7883,-0.83875,-2.509459,-1.034952,-2.393238,2.049734,0.164428,Place
31.83,-0.838053,-2.507017,-1.040676,-2.389851,2.050398,0.164695,Place
31.8728,-0.837402,-2.504735,-1.046022,-2.386684,2.051018,0.164945,Place
31.912,-0.836752,-2.502453,-1.051367,-2.383517,2.051638,0.165196,Place
31.9525,-0.836155,-2.500353,-1.056273,-2.3806,2.052212,0.165429,Place
31.9928,-0.835558,-2.498253,-1.061178,-2.377683,2.052787,0.165663,Place
32.0332,-0.835018,-2.496353,-1.065611,-2.375046,2.053305,0.165869,Place
32.0737,-0.834477,-2.494453,-1.070045,-2.37241,2.053823,0.166075,Place
32.1152,-0.834001,-2.492789,-1.073947,-2.370096,2.054275,0.16625,Place
32.1548,-0.833524,-2.491125,-1.077849,-2.367783,2.054727,0.166426,Place
32.1951,-0.833124,-2.489722,-1.081127,-2.365841,2.055108,0.166572,Place
32.2355,-0.832724,-2.488319,-1.084404,-2.363899,2.055488,0.166718,Place
32.2759,-0.832414,-2.48723,-1.086955,-2.362382,2.055787,0.166837,Place
32.3162,-0.832104,-2.486142,-1.089507,-2.360866,2.056086,0.166956,Place
32.3566,-0.831897,-2.485403,-1.091238,-2.359838,2.056298,0.167037,Place
32.397,-0.83169,-2.484663,-1.092971,-2.358809,2.05651,0.167118,Place
32.4375,-0.83159,-2.484308,-1.093816,-2.358311,2.056617,0.167157,Place
32.4784,-0.83149,-2.483954,-1.094661,-2.357812,2.056723,0.167195,Place
32.5187,-0.83149,-2.483954,-1.094661,-2.357812,2.056723,0.167195,Place
32.5592,-0.83149,-2.483954,-1.094661,-2.357812,2.056723,0.167195,Place
32.5998,-0.83149,-2.483954,-1.094661,-2.357812,2.056723,0.167195,Place
36.7737,-0.83149,-2.483954,-1.094661,-2.357812,2.056723,0.167195,Place
36.8137,-0.83149,-2.483954,-1.094661,-2.357812,2.056723,0.167195,Place
36.8545,-0.83149,-2.483954,-1.094661,-2.357812,2.056723,0.167195,Place
36.8947,-0.831602,-2.484309,-1.093837,-2.358337,2.056609,0.167157,Place
36.9351,-0.831714,-2.484664,-1.093014,-2.358862,2.056494,0.167119,Place
36.9755,-0.831947,-2.485365,-1.091342,-2.35989,2.056259,0.167023,Place
37.0165,-0.83218,-2.486065,-1.08967,-2.360917,2.056025,0.166928,Place
37.0569,-0.83253,-2.487069,-1.087241,-2.362374,2.055687,0.166781,Place
37.0973,-0.83288,-2.488072,-1.084811,-2.363831,2.05535,0.166635,Place
37.1377,-0.833324,-2.489337,-1.08174,-2.365671,2.054936,0.166463,Place
37.1791,-0.833769,-2.490602,-1.07867,-2.367512,2.054523,0.166291,Place
37.2195,-0.834274,-2.492098,-1.075097,-2.369678,2.05405,0.166114,Place
37.2607,-0.83478,-2.493593,-1.071524,-2.371844,2.053578,0.165937,Place
37.3012,-0.835325,-2.495261,-1.067559,-2.374265,2.053048,0.165757,Place
37.3417,-0.835869,-2.496928,-1.063595,-2.376685,2.052517,0.165577,Place
37.3821,-0.836449,-2.498741,-1.059287,-2.379298,2.051939,0.165384,Place
37.4231,-0.837029,-2.500554,-1.054979,-2.381911,2.05136,0.165191,Place
37.4657,-0.837658,-2.502499,-1.050342,-2.384697,2.050745,0.164972,Place
37.5071,-0.838286,-2.504443,-1.045706,-2.387482,2.050131,0.164752,Place
37.5475,-0.838954,-2.506523,-1.040753,-2.390456,2.049507,0.164498,Place
37.5873,-0.839621,-2.508604,-1.035801,-2.39343,2.048882,0.164244,Place
37.6278,-0.840329,-2.510834,-1.03054,-2.396598,2.048242,0.163965,Place
37.6682,-0.841037,-2.513065,-1.02528,-2.399767,2.047601,0.163685,Place
37.7087,-0.841771,-2.515425,-1.019702,-2.403116,2.046935,0.163397,Place
37.7492,-0.842504,-2.517785,-1.014125,-2.406465,2.046268,0.163108,Place
37.7905,-0.843269,-2.520273,-1.00826,-2.409954,2.045558,0.162822,Place
37.8304,-0.844034,-2.52276,-1.002395,-2.413443,2.044848,0.162535,Place
37.8705,-0.8448,-2.525337,-0.9963,-2.417054,2.044117,0.162249,Place
37.911,-0.845566,-2.527915,-0.990205,-2.420665,2.043387,0.161963,Place
37.9515,-0.846343,-2.530588,-0.983951,-2.424385,2.042648,0.161673,Place
37.9919,-0.84712,-2.533261,-0.977697,-2.428104,2.041909,0.161383,Place
38.0325,-0.847895,-2.535998,-0.971314,-2.431907,2.041184,0.161087,Place
38.0729,-0.848669,-2.538736,-0.964931,-2.435709,2.040458,0.160792,Place
38.1133,-0.849446,-2.541512,-0.958471,-2.439539,2.039739,0.160498,Place
38.1537,-0.850223,-2.544289,-0.95201,-2.443369,2.039019,0.160203,Place
38.1947,-0.85098,-2.547064,-0.945552,-2.447175,2.038299,0.159921,Place
38.2361,-0.851737,-2.54984,-0.939095,-2.45098,2.03758,0.159639,Place
38.2758,-0.852457,-2.552587,-0.932721,-2.454734,2.036868,0.159375,Place
38.3169,-0.853178,-2.555334,-0.926348,-2.458488,2.036156,0.15911,Place
38.3573,-0.85387,-2.558033,-0.92013,-2.462153,2.035474,0.158856,Place
38.3991,-0.854562,-2.560731,-0.913911,-2.465817,2.034792,0.158602,Place
38.4394,-0.855226,-2.563326,-0.907924,-2.469332,2.034168,0.15835,Place
38.4798,-0.85589,-2.56592,-0.901938,-2.472846,2.033544,0.158099,Place
38.5207,-0.856518,-2.568361,-0.89631,-2.476124,2.032987,0.157849,Place
38.561,-0.857146,-2.570802,-0.890683,-2.479402,2.032429,0.1576,Place
38.6038,-0.857713,-2.573027,-0.885548,-2.482383,2.031925,0.157361,Place
38.6425,-0.858281,-2.575251,-0.880412,-2.485363,2.031421,0.157122,Place
38.683,-0.858764,-2.577229,-0.875869,-2.488,2.030973,0.156908,Place
38.7242,-0.859247,-2.579207,-0.871326,-2.490637,2.030524,0.156694,Place
38.7641,-0.859651,-2.580908,-0.867434,-2.492909,2.030138,0.156522,Place
38.8046,-0.860056,-2.582609,-0.863543,-2.495182,2.029751,0.15635,Place
38.8457,-0.860385,-2.584014,-0.860353,-2.497052,2.029447,0.156231,Place
38.8861,-0.860714,-2.58542,-0.857163,-2.498922,2.029142,0.156112,Place
38.9268,-0.860966,-2.586489,-0.85473,-2.500347,2.028921,0.156033,Place
38.9676,-0.861218,-2.587557,-0.852297,-2.501772,2.028699,0.155954,Place
39.0097,-0.86139,-2.588263,-0.850679,-2.502702,2.028551,0.155892,Place
39.0502,-0.861563,-2.588969,-0.849061,-2.503631,2.028402,0.155829,Place
39.0905,-0.861644,-2.589297,-0.848291,-2.504058,2.028329,0.155786,Place
39.1316,-0.861726,-2.589624,-0.847521,-2.504485,2.028256,0.155742,Place
39.1736,-0.861726,-2.589624,-0.847521,-2.504485,2.028256,0.155742,Place
39.2148,-0.861726,-2.589624,-0.847521,-2.504485,2.028256,0.155742,Place
39.2552,-0.861726,-2.589624,-0.847521,-2.504485,2.028256,0.155742,Place
