transfer_ground_truth_rep0	1790604459	1790607291	done
move_ground_truth_rep0	1790607291	1790609352	done
stir_ground_truth_rep0	1790609352	1790612389	done
transfer_ground_truth_rep1	1790612389	1790615221	done
move_ground_truth_rep1	1790615221	1790617272	done
stir_ground_truth_rep1	1790617272	1790620165	done
transfer_ground_truth_rep2	1790620165	1790623049	done
move_ground_truth_rep2	1790623049	1790625091	done
stir_ground_truth_rep2	1790625091	1790628040	done
transfer_perception_rep0	1790628040	1790632055	done
transfer_perception_rep1	1790632055	1790636139	done
transfer_perception_rep2	1790636139	1790640191	done
pddlstream_transfer_ps0	1790640191	1790640191	incomplete
pddlstream_transfer_ps1	1790640191	1790640191	incomplete
pddlstream_transfer_ps2	1790640191	1790640191	incomplete
pddlstream_transfer_ps3	1790640191	1790640191	incomplete
pddlstream_transfer_ps4	1790640191	1790640191	incomplete
pddlstream_move_ps0	1790640191	1790640192	incomplete
pddlstream_move_ps1	1790640192	1790640192	incomplete
pddlstream_move_ps2	1790640192	1790640192	incomplete
pddlstream_move_ps3	1790640192	1790640192	incomplete
pddlstream_move_ps4	1790640192	1790640192	incomplete
pddlstream_stir_ps0	1790640192	1790640192	incomplete
pddlstream_stir_ps1	1790640192	1790640192	incomplete
pddlstream_stir_ps2	1790640192	1790640192	incomplete
pddlstream_stir_ps3	1790640192	1790640192	incomplete
pddlstream_stir_ps4	1790640192	1790640193	incomplete
llm_xdl_generator	1790640193	1790640373	done
llm_ar_heldout_split2400	1790640373	1790640448	done
llm_ar_unseen_control_in_distribution	1790640448	1790640479	done
llm_ar_unseen_L1_unseen_class	1790640479	1790640595	done
llm_ar_unseen_L2_unseen_layout	1790640595	1790640611	done
llm_ar_unseen_L3_unseen_pair	1790640611	1790640636	done
transfer_ground_truth_rep0	1790640721	1790640833	done
move_ground_truth_rep0	1790640833	1790640902	done
stir_ground_truth_rep0	1790640902	1790641124	done
transfer_perception_rep0	1790641125	1790641263	done
transfer_perception_rep1	1790641263	1790641404	done
transfer_perception_rep2	1790641404	1790641527	done
pddlstream_transfer_ps0	1790641527	1790643034	done
pddlstream_transfer_ps1	1790643034	1790643830	done
pddlstream_transfer_ps2	1790643830	1790644971	done
pddlstream_transfer_ps3	1790644971	1790645645	done
pddlstream_transfer_ps4	1790645645	1790646838	done
pddlstream_move_ps0	1790646838	1790646843	done
pddlstream_move_ps1	1790646843	1790646848	done
pddlstream_move_ps2	1790646848	1790646853	done
pddlstream_move_ps3	1790646853	1790646858	done
pddlstream_move_ps4	1790646858	1790646863	done
pddlstream_stir_ps0	1790646863	1790646893	done
pddlstream_stir_ps1	1790646893	1790646926	done
pddlstream_stir_ps2	1790646926	1790646958	done
pddlstream_stir_ps3	1790646958	1790646996	done
pddlstream_stir_ps4	1790646996	1790647038	done
