epoch,gpu_util_pct,gpu_mem_mib,loadavg_1m,n_foreign,foreign
1790604459,3,447,2.51,0,""
1790604490,62,4933,6.43,0,""
1790604520,90,5509,5.24,0,""
1790604550,3,424,3.86,0,""
1790604580,51,4919,3.88,0,""
1790604610,90,5479,3.97,0,""
1790604640,3,424,5.00,0,""
1790604670,74,3998,3.24,0,""
1790604700,93,6811,2.55,0,""
1790604730,89,6811,3.64,0,""
1790604760,77,3024,2.81,0,""
1790604790,99,6463,2.33,0,""
1790604820,94,6681,2.95,0,""
1790604850,3,424,4.97,0,""
1790604880,61,4909,7.01,0,""
1790604910,34,6805,4.64,0,""
1790604940,97,6805,5.03,0,""
1790604970,83,3333,3.66,0,""
1790605000,88,5361,5.61,0,""
1790605030,39,5361,5.92,0,""
1790605060,96,3333,3.70,0,""
1790605090,87,5371,4.09,0,""
1790605120,29,427,3.41,0,""
1790605150,87,3333,6.12,0,""
1790605180,70,6483,4.37,0,""
1790605210,92,6745,6.26,0,""
1790605240,95,3024,5.28,0,""
1790605270,90,5361,4.14,0,""
1790605300,86,5361,5.74,0,""
1790605330,15,2301,5.15,0,""
1790605360,61,4919,3.45,0,""
1790605391,84,5533,2.68,0,""
1790605421,99,3093,1.88,0,""
1790605451,82,5711,1.60,0,""
1790605481,79,6825,1.43,0,""
1790605511,87,6825,2.62,0,""
1790605541,3,2307,2.52,0,""
1790605571,3,4969,2.45,0,""
1790605601,92,5485,4.19,0,""
1790605631,3,2307,6.22,0,""
1790605661,62,4533,5.41,0,""
1790605691,86,6701,3.78,0,""
1790605721,84,6701,7.58,0,""
1790605751,97,3333,4.84,0,""
1790605781,90,5361,3.31,0,""
1790605811,80,5361,4.61,0,""
1790605841,99,3361,4.69,0,""
1790605871,86,5371,5.53,0,""
1790605901,85,5371,6.10,0,""
1790605931,90,3333,10.28,0,""
1790605961,80,5371,6.97,0,""
1790605991,79,5371,10.24,0,""
1790606021,80,3333,9.77,0,""
1790606051,90,5438,7.44,0,""
1790606081,89,5438,8.03,0,""
1790606111,86,3410,5.41,0,""
1790606141,95,5438,4.70,0,""
1790606171,62,5438,8.57,0,""
1790606201,99,3438,9.78,0,""
1790606231,79,5449,7.56,0,""
1790606261,82,5449,7.55,0,""
1790606291,78,3666,7.09,0,""
1790606321,68,6850,4.82,0,""
1790606351,91,7175,3.42,0,""
1790606381,85,7175,4.42,0,""
1790606412,83,3395,5.75,0,""
1790606442,48,5539,3.92,0,""
1790606472,93,5539,3.75,0,""
1790606502,73,3101,7.00,0,""
1790606532,68,6551,4.85,0,""
1790606562,0,487,3.34,0,""
1790606592,59,4979,2.28,0,""
1790606622,90,5431,4.55,0,""
1790606652,0,484,5.08,0,""
1790606682,83,4287,4.03,0,""
1790606712,53,5847,3.71,0,""
1790606742,0,484,4.74,0,""
1790606772,59,4997,6.49,0,""
1790606802,86,5421,5.66,0,""
1790606832,0,1148,4.88,0,""
1790606862,59,5007,5.04,0,""
1790606892,96,6739,4.48,0,""
1790606922,0,3251,5.70,1,"pid=114141 mem=2735MiB cmd="
1790606952,0,4348,4.34,0,""
1790606982,91,5845,3.89,0,""
1790607012,0,484,6.61,0,""
1790607042,58,5007,5.18,0,""
1790607072,82,5431,4.47,0,""
1790607102,0,962,4.18,0,""
1790607132,59,4969,6.79,0,""
1790607162,79,6749,4.43,0,""
1790607192,97,6749,8.17,0,""
1790607222,86,3393,6.51,0,""
1790607252,90,5431,5.41,0,""
1790607282,81,5431,5.33,0,""
1790607312,75,3410,3.73,0,""
1790607342,88,5025,3.64,0,""
1790607372,86,3098,4.61,0,""
1790607402,91,4943,4.07,0,""
1790607433,2,2380,4.73,0,""
1790607463,38,4936,5.17,0,""
1790607493,0,493,5.38,0,""
1790607523,46,4035,7.94,0,""
1790607553,87,4927,10.07,0,""
1790607583,80,3393,6.56,0,""
1790607613,85,4917,6.80,0,""
1790607643,0,2365,4.52,0,""
1790607673,86,4917,5.75,0,""
1790607703,0,484,5.08,0,""
1790607733,31,4397,7.79,0,""
1790607763,84,4927,5.55,0,""
1790607793,84,3393,3.89,0,""
1790607823,88,4917,4.87,0,""
1790607853,81,3084,5.48,0,""
1790607883,89,4927,4.88,0,""
1790607913,0,2365,5.65,0,""
1790607943,89,4927,3.74,0,""
1790607973,0,484,5.60,0,""
1790608003,0,4387,8.10,0,""
1790608033,86,4917,7.51,0,""
1790608063,77,3393,4.97,0,""
1790608093,89,4927,4.89,0,""
1790608123,88,3084,5.48,0,""
1790608153,89,4927,6.86,0,""
1790608183,0,962,6.70,0,""
1790608213,1,4567,4.27,0,""
1790608243,0,484,4.35,0,""
1790608273,96,4029,6.64,0,""
1790608303,97,4955,4.40,0,""
1790608333,52,3393,5.51,0,""
1790608363,86,4927,6.37,0,""
1790608393,0,2563,4.10,0,""
1790608423,87,4927,5.50,0,""
1790608454,0,484,5.79,0,""
1790608484,29,4397,3.72,0,""
1790608514,90,4927,4.95,0,""
1790608544,99,3421,3.13,0,""
1790608574,97,4955,4.59,0,""
1790608604,99,3084,4.01,0,""
1790608634,85,4927,3.27,0,""
1790608664,91,4927,5.33,0,""
1790608694,83,3393,3.58,0,""
1790608724,94,4917,3.69,0,""
1790608754,73,3084,4.31,0,""
1790608784,88,4924,3.07,0,""
1790608814,11,2368,2.54,0,""
1790608844,3,4582,5.02,0,""
1790608874,0,491,6.36,0,""
1790608904,25,4326,6.80,0,""
1790608934,87,4934,8.26,0,""
1790608964,70,3400,10.01,0,""
1790608994,89,4934,8.69,0,""
1790609024,83,3375,5.73,0,""
1790609054,89,5173,9.52,0,""
1790609084,0,962,6.60,0,""
1790609114,0,4735,4.40,0,""
1790609144,89,484,6.25,0,""
1790609174,14,4041,4.27,0,""
1790609204,88,4927,4.17,0,""
1790609234,95,3421,2.78,0,""
1790609264,88,4927,4.85,0,""
1790609294,99,3340,4.18,0,""
1790609324,88,5183,3.18,0,""
1790609354,0,962,3.38,0,""
1790609384,52,4706,3.93,0,""
1790609414,31,5152,5.43,0,""
1790609444,96,493,4.17,0,""
1790609474,9,4065,2.67,0,""
1790609505,87,5149,3.11,0,""
1790609535,94,5149,6.14,0,""
1790609565,74,3398,4.45,0,""
1790609595,36,5151,4.15,0,""
1790609625,76,5151,4.19,0,""
1790609655,73,3086,4.07,0,""
1790609685,79,5153,3.55,0,""
1790609715,79,5153,5.24,0,""
1790609745,0,971,3.75,0,""
1790609775,52,4705,2.93,0,""
1790609805,55,5153,2.60,0,""
1790609835,0,494,1.81,0,""
1790609865,51,4703,4.10,0,""
1790609895,80,5151,2.95,0,""
1790609925,94,3195,4.87,1,"pid=163866 mem=2671MiB cmd="
1790609955,64,4092,3.36,0,""
1790609985,79,6139,3.47,0,""
1790610015,80,6139,4.56,0,""
1790610045,0,2365,3.07,0,""
1790610075,19,5099,4.32,0,""
1790610105,76,5143,5.60,0,""
1790610135,0,484,4.14,0,""
1790610165,19,4579,5.61,0,""
1790610195,87,5143,8.47,0,""
1790610225,95,5143,6.28,0,""
1790610255,92,3393,4.07,0,""
1790610285,88,5143,4.07,0,""
1790610315,77,5143,5.96,0,""
1790610345,99,3340,5.60,0,""
1790610375,38,5399,5.63,0,""
1790610405,78,5399,7.10,0,""
1790610435,0,2563,4.84,0,""
1790610465,79,5121,3.82,0,""
1790610495,81,5121,3.70,0,""
1790610526,0,962,4.10,0,""
1790610556,52,4695,4.00,0,""
1790610586,91,5143,4.58,0,""
1790610616,84,5143,6.21,0,""
1790610646,0,484,7.38,0,""
1790610676,54,4685,7.47,0,""
1790610706,78,5133,5.04,0,""
1790610736,0,484,5.65,0,""
1790610766,81,4065,8.76,0,""
1790610796,92,5143,7.37,0,""
1790610826,86,5143,7.29,0,""
1790610856,1,1084,4.97,0,""
1790610886,49,4519,3.33,0,""
1790610916,78,5143,5.23,0,""
1790610946,0,829,6.16,0,""
1790610976,52,4693,5.38,0,""
1790611006,79,5143,6.89,0,""
1790611036,79,5143,7.56,0,""
1790611066,0,2381,6.00,0,""
1790611096,83,5909,4.62,0,""
1790611126,88,6385,3.19,0,""
1790611156,92,6385,4.73,0,""
1790611186,53,3421,4.52,0,""
1790611216,86,5143,4.27,0,""
1790611246,87,5143,3.52,0,""
1790611276,0,2381,3.25,0,""
1790611306,12,5171,4.06,0,""
1790611336,50,5143,4.73,0,""
1790611366,0,994,4.41,0,""
1790611396,52,4695,3.08,0,""
1790611426,81,5143,2.68,0,""
1790611456,91,3252,2.87,1,"pid=185842 mem=2735MiB cmd="
1790611486,0,4082,2.06,0,""
1790611516,85,5133,3.86,0,""
1790611546,79,5133,3.73,0,""
1790611577,2,2361,2.65,0,""
1790611607,4,4559,5.41,0,""
1790611637,76,5143,3.92,0,""
1790611667,0,484,4.10,0,""
1790611697,79,4030,2.76,0,""
1790611727,89,5121,3.60,0,""
1790611757,93,5121,3.79,0,""
1790611787,74,3393,4.66,0,""
1790611817,82,5143,4.66,0,""
1790611847,77,5143,5.33,0,""
1790611877,6,2361,4.64,0,""
1790611907,17,4687,7.03,0,""
1790611937,88,6129,5.02,0,""
1790611967,89,6129,4.94,0,""
1790611997,94,3393,5.32,0,""
1790612027,85,5143,6.51,0,""
1790612057,79,5143,6.15,0,""
1790612087,73,3084,3.97,0,""
1790612117,79,5111,3.85,0,""
1790612147,77,5111,5.02,0,""
1790612177,0,1020,4.26,0,""
1790612207,53,4603,4.42,0,""
1790612237,83,5141,3.17,0,""
1790612267,93,5141,4.41,0,""
1790612297,43,3098,5.03,0,""
1790612327,69,6071,4.73,0,""
1790612357,79,6129,3.38,0,""
1790612387,0,484,5.56,0,""
1790612417,49,4990,4.27,0,""
1790612447,90,5444,3.31,0,""
1790612477,0,792,2.33,0,""
1790612507,58,4981,1.77,0,""
1790612537,91,5433,3.06,0,""
1790612568,0,970,2.82,0,""
1790612598,59,5016,2.27,0,""
1790612628,92,5556,4.75,0,""
1790612658,0,2364,4.70,0,""
1790612688,58,4982,6.29,0,""
1790612718,86,5434,8.49,0,""
1790612748,0,2480,5.87,0,""
1790612778,27,5467,4.99,0,""
1790612808,89,6743,4.45,0,""
1790612838,96,6743,4.65,0,""
1790612868,80,3395,3.07,0,""
1790612898,88,5423,3.73,0,""
1790612928,98,5423,3.46,0,""
1790612958,93,3394,5.35,0,""
1790612988,69,6522,5.39,0,""
1790613018,83,6760,6.03,0,""
1790613048,0,963,5.03,0,""
1790613078,59,4970,6.57,0,""
1790613108,69,6768,4.38,0,""
1790613138,70,6874,3.19,0,""
1790613168,0,485,3.63,0,""
1790613198,81,4972,7.96,0,""
1790613228,90,5434,6.93,0,""
1790613258,0,488,6.00,0,""
1790613288,58,4972,4.83,0,""
1790613318,92,5444,4.53,0,""
1790613348,80,5444,4.30,0,""
1790613378,0,488,5.87,0,""
1790613408,1,4982,7.94,0,""
1790613438,92,5434,9.58,0,""
1790613468,0,488,6.24,0,""
1790613498,0,4390,4.02,0,""
1790613528,89,5558,4.08,0,""
1790613558,0,787,2.78,0,""
1790613588,58,4980,2.08,0,""
1790613619,81,6868,2.76,0,""
1790613649,89,6868,3.09,0,""
1790613679,39,3422,2.19,0,""
1790613709,81,5554,2.80,0,""
1790613739,49,5554,2.99,0,""
1790613769,74,3450,3.05,0,""
1790613799,76,5422,5.57,0,""
1790613829,96,5422,3.89,0,""
1790613859,93,3650,6.44,0,""
1790613889,81,5808,4.78,0,""
1790613919,85,5808,5.97,0,""
1790613949,67,3394,8.87,0,""
1790613979,81,5432,5.75,0,""
1790614009,82,5432,5.61,0,""
1790614039,86,3085,8.06,0,""
1790614069,45,5432,5.56,0,""
1790614099,54,5432,4.61,0,""
1790614129,99,3422,5.51,0,""
1790614159,97,5586,6.02,0,""
1790614189,95,5586,5.72,0,""
1790614219,50,3559,7.11,0,""
1790614249,92,5432,7.13,0,""
1790614279,0,485,8.11,0,""
1790614309,84,4030,7.88,0,""
1790614339,89,5562,6.29,0,""
1790614369,0,485,5.23,0,""
1790614399,58,4998,3.45,0,""
1790614429,92,5422,3.80,0,""
1790614459,0,787,2.99,0,""
1790614489,59,4980,2.32,0,""
1790614519,88,5432,1.80,0,""
1790614549,87,3721,3.02,0,""
1790614579,99,3679,5.21,0,""
1790614610,89,5432,3.61,0,""
1790614640,54,485,5.30,0,""
1790614670,29,4031,6.69,0,""
1790614700,90,5432,8.02,0,""
1790614730,0,485,6.29,0,""
1790614760,58,5264,4.02,0,""
1790614790,45,5820,3.56,0,""
1790614820,1,2255,3.04,0,""
1790614850,58,4970,2.17,0,""
1790614880,91,6730,1.63,0,""
1790614910,94,6730,5.87,0,""
1790614940,0,1025,4.84,0,""
1790614970,58,5008,3.23,0,""
1790615000,88,5432,4.58,0,""
1790615030,0,485,4.94,0,""
1790615060,64,4980,3.33,0,""
1790615090,91,5568,5.07,0,""
1790615120,0,485,4.53,0,""
1790615150,58,4980,3.06,0,""
1790615180,91,5432,4.69,0,""
1790615210,96,5432,4.45,0,""
1790615240,75,3409,3.65,0,""
1790615270,88,4937,5.17,0,""
1790615300,88,3093,3.32,0,""
1790615330,89,4937,3.01,0,""
1790615360,1,2281,3.33,0,""
1790615390,54,4927,3.72,0,""
1790615420,0,484,5.64,0,""
1790615450,16,4338,6.21,0,""
1790615480,86,5173,6.34,0,""
1790615510,81,3393,5.84,0,""
1790615540,87,4927,4.09,0,""
1790615570,0,2364,4.93,0,""
1790615600,88,4927,4.21,0,""
1790615631,0,484,4.74,0,""
1790615661,30,4387,3.35,0,""
1790615691,87,4917,6.23,0,""
1790615721,82,3393,6.11,0,""
1790615751,85,4927,6.13,0,""
1790615781,80,3084,5.21,0,""
1790615811,79,4927,3.74,0,""
1790615841,0,2365,2.70,0,""
1790615871,89,5183,4.51,0,""
1790615901,0,489,6.50,0,""
1790615931,31,4387,5.70,0,""
1790615961,89,4917,6.64,0,""
1790615991,76,3421,4.21,0,""
1790616021,86,4927,3.68,0,""
1790616051,98,3340,2.71,0,""
1790616081,65,5183,5.21,0,""
1790616111,0,2381,4.56,0,""
1790616141,59,5183,4.32,0,""
1790616171,0,484,4.77,0,""
1790616201,30,4653,7.08,0,""
1790616231,48,5211,6.66,0,""
1790616261,95,3393,7.64,0,""
1790616291,87,4927,6.87,0,""
1790616321,79,3084,4.43,0,""
1790616351,89,4917,3.77,0,""
1790616381,2,962,3.88,0,""
1790616411,29,4397,3.80,0,""
1790616441,84,4927,3.01,0,""
1790616471,99,3421,2.27,0,""
1790616501,69,4945,2.87,0,""
1790616531,0,2361,5.18,0,""
1790616561,85,4927,3.44,0,""
1790616591,0,484,6.00,0,""
1790616621,1,4315,5.18,0,""
1790616652,88,4927,5.57,0,""
1790616682,73,3649,3.56,0,""
1790616712,86,5183,3.75,0,""
1790616742,87,3091,3.65,0,""
1790616772,87,4934,3.86,0,""
1790616802,0,1003,4.60,0,""
1790616832,1,4758,5.58,0,""
1790616862,0,486,5.94,0,""
1790616892,0,4271,5.25,0,""
1790616922,65,4929,5.38,0,""
1790616952,73,3395,3.80,0,""
1790616982,83,4929,5.23,0,""
1790617012,64,3086,4.76,0,""
1790617042,36,4929,3.41,0,""
1790617072,0,996,3.87,0,""
1790617102,22,4763,8.40,0,""
1790617132,0,484,7.80,0,""
1790617162,32,4055,5.04,0,""
1790617192,85,4917,4.40,0,""
1790617222,96,3393,6.32,0,""
1790617252,60,4927,6.10,0,""
1790617282,0,2950,5.49,0,""
1790617312,79,5158,3.95,0,""
1790617342,75,5153,5.36,0,""
1790617372,0,2375,5.21,0,""
1790617402,1,5169,6.07,0,""
1790617432,76,5395,6.29,0,""
1790617462,0,491,4.65,0,""
1790617492,1,4315,3.03,0,""
1790617522,91,5399,2.29,0,""
1790617552,95,5399,3.61,0,""
1790617582,74,3393,4.95,0,""
1790617612,88,5143,8.38,0,""
1790617642,95,5143,7.70,0,""
1790617673,80,3393,6.82,0,""
1790617703,87,5143,5.80,0,""
1790617733,91,5143,6.12,0,""
1790617763,83,3393,6.51,0,""
1790617793,88,5143,4.52,0,""
1790617823,78,5143,3.41,0,""
1790617853,95,3340,3.76,0,""
1790617883,80,5399,3.73,0,""
1790617913,80,5399,5.26,0,""
1790617943,2,2361,3.62,0,""
1790617973,53,4693,4.60,0,""
1790618003,80,5143,5.62,0,""
1790618033,80,5143,5.79,0,""
1790618063,95,3393,3.76,0,""
1790618093,87,5133,2.68,0,""
1790618123,94,5133,6.87,0,""
1790618153,90,3393,6.23,0,""
1790618183,85,5143,3.99,0,""
1790618213,78,5143,9.72,0,""
1790618243,0,2563,8.17,0,""
1790618273,81,5143,8.24,0,""
1790618303,77,5143,7.48,0,""
1790618333,95,5143,5.77,0,""
1790618363,78,3393,7.52,0,""
1790618393,87,5121,5.94,0,""
1790618423,93,5121,6.85,0,""
1790618453,90,3393,5.45,0,""
1790618483,53,5143,4.93,0,""
1790618513,87,5143,4.54,0,""
1790618543,93,3084,3.18,0,""
1790618573,77,5133,3.45,0,""
1790618603,72,5133,4.66,0,""
1790618633,0,484,3.51,0,""
1790618663,53,4685,3.67,0,""
1790618694,92,5133,4.04,0,""
1790618724,4,484,4.06,0,""
1790618754,0,4029,2.73,0,""
1790618784,92,5143,3.55,0,""
1790618814,77,5143,4.44,0,""
1790618844,82,3393,2.94,0,""
1790618874,88,5133,3.31,0,""
1790618904,95,5133,4.93,0,""
1790618934,88,3084,4.49,0,""
1790618964,69,6081,3.92,0,""
1790618994,0,994,3.88,0,""
1790619024,52,4695,2.83,0,""
1790619054,92,5143,5.13,0,""
1790619084,0,484,5.01,0,""
1790619114,1,4311,3.76,0,""
1790619144,79,5143,4.49,0,""
1790619174,93,5143,3.35,0,""
1790619204,85,3639,6.41,0,""
1790619234,87,5143,6.25,0,""
1790619264,95,5143,5.56,0,""
1790619294,71,3084,7.94,0,""
1790619324,80,5143,7.72,0,""
1790619354,71,5143,6.68,0,""
1790619384,0,2381,5.61,0,""
1790619414,81,5143,6.57,0,""
1790619444,78,5143,6.76,0,""
1790619474,0,484,6.23,0,""
1790619504,53,4685,5.03,0,""
1790619534,88,5111,3.66,0,""
1790619564,35,5111,6.30,0,""
1790619594,74,3084,4.07,0,""
1790619624,80,5143,2.75,0,""
1790619654,83,5143,4.16,0,""
1790619685,0,1024,2.92,0,""
1790619715,52,4979,2.03,0,""
1790619745,85,5399,3.87,0,""
1790619775,1,516,2.59,0,""
1790619805,52,4695,2.91,0,""
1790619835,79,5143,3.22,0,""
1790619865,0,484,5.67,0,""
1790619895,18,4029,3.76,0,""
1790619925,83,5121,3.28,0,""
1790619955,93,5121,4.09,0,""
1790619985,95,3677,2.88,0,""
1790620015,82,5389,2.24,0,""
1790620045,78,5389,4.10,0,""
1790620075,0,994,5.32,0,""
1790620105,52,4695,5.51,0,""
1790620135,86,5143,4.77,0,""
1790620165,0,484,5.85,0,""
1790620195,60,4991,3.96,0,""
1790620225,38,5440,3.57,0,""
1790620255,97,5440,4.56,0,""
1790620285,0,2370,5.04,0,""
1790620315,59,4975,3.45,0,""
1790620345,88,5427,2.55,0,""
1790620375,0,2569,5.00,0,""
1790620405,35,5501,3.50,0,""
1790620435,93,6767,3.48,0,""
1790620465,0,493,3.52,0,""
1790620495,0,4065,3.38,0,""
1790620525,91,5433,5.77,0,""
1790620555,91,5433,5.04,0,""
1790620585,0,3114,5.70,0,""
1790620615,6,5433,3.90,0,""
1790620645,88,5433,2.77,0,""
1790620675,0,486,2.75,0,""
1790620705,98,4051,5.06,0,""
1790620736,92,5421,6.83,0,""
1790620766,0,484,4.82,0,""
1790620796,98,4979,7.09,0,""
1790620826,84,6891,4.84,0,""
1790620856,90,6891,5.13,0,""
1790620886,84,3083,4.49,0,""
1790620916,82,5431,3.22,0,""
1790620946,89,5431,3.49,0,""
1790620976,0,484,3.42,0,""
1790621006,82,5011,2.28,0,""
1790621036,69,6817,1.89,0,""
1790621066,92,6915,2.74,0,""
1790621096,0,961,3.06,0,""
1790621126,59,4979,2.25,0,""
1790621156,68,6759,1.76,0,""
1790621186,92,6863,2.88,0,""
1790621216,0,961,1.97,0,""
1790621246,58,4979,6.41,0,""
1790621276,87,5431,6.61,0,""
1790621306,2,2361,4.79,0,""
1790621336,59,5225,5.56,0,""
1790621366,93,5773,5.84,0,""
1790621396,0,2365,4.53,0,""
1790621426,45,5391,4.07,0,""
1790621456,50,6919,2.97,0,""
1790621486,90,6919,3.36,0,""
1790621516,6,3112,2.57,0,""
1790621546,2,5572,6.25,0,""
1790621576,92,5572,7.45,0,""
1790621606,99,3456,6.79,0,""
1790621636,98,5466,5.26,0,""
1790621666,87,5438,7.07,0,""
1790621696,95,3084,7.02,0,""
1790621726,36,5431,4.58,0,""
1790621756,89,5431,5.33,0,""
1790621787,84,5431,4.61,0,""
1790621817,78,3393,3.03,0,""
1790621847,88,5555,3.61,0,""
1790621877,72,5555,2.97,0,""
1790621907,87,3393,5.83,0,""
1790621937,60,5421,5.19,0,""
1790621967,84,5421,5.95,0,""
1790621997,99,3421,8.35,0,""
1790622027,89,5563,5.46,0,""
1790622057,0,484,5.15,0,""
1790622087,6,4063,4.44,0,""
1790622117,88,5431,3.01,0,""
1790622147,0,484,2.06,0,""
1790622177,0,4309,2.53,0,""
1790622207,92,5779,3.13,0,""
1790622237,0,484,3.79,0,""
1790622267,1,4089,2.64,0,""
1790622297,73,5431,4.44,0,""
1790622327,85,3418,3.11,0,""
1790622357,45,4092,2.38,0,""
1790622387,90,5549,3.63,0,""
1790622417,6,961,3.46,0,""
1790622447,58,4979,6.24,0,""
1790622477,90,5431,5.56,0,""
1790622507,0,961,5.04,0,""
1790622537,59,4969,4.72,0,""
1790622567,91,5441,5.28,0,""
1790622597,0,993,5.68,0,""
1790622627,58,4997,4.44,0,""
1790622657,68,6777,3.15,0,""
1790622687,96,3393,3.24,0,""
1790622717,69,6521,2.31,0,""
1790622747,90,6889,3.15,0,""
1790622777,73,3084,3.21,0,""
1790622808,83,5431,2.33,0,""
1790622838,86,5431,4.73,0,""
1790622868,99,3083,6.30,0,""
1790622898,83,5421,6.11,0,""
1790622928,90,5421,6.16,0,""
1790622958,1,3084,3.98,0,""
1790622988,91,6059,5.97,0,""
1790623018,93,6841,4.07,0,""
1790623048,0,484,3.24,0,""
1790623078,30,4403,2.30,0,""
1790623108,87,4926,4.22,0,""
1790623138,88,3402,4.40,0,""
1790623168,92,4936,3.12,0,""
1790623198,74,3087,2.31,0,""
1790623228,88,4921,4.14,0,""
1790623258,0,2369,3.63,0,""
1790623288,90,5187,5.77,0,""
1790623318,0,488,7.07,0,""
1790623348,30,4391,5.90,0,""
1790623378,89,4921,6.33,0,""
1790623408,81,3397,5.19,0,""
1790623438,87,4959,4.07,0,""
1790623468,93,3087,4.13,0,""
1790623498,89,4927,6.34,0,""
1790623528,13,2361,7.98,0,""
1790623558,88,4917,9.31,0,""
1790623588,0,484,8.14,0,""
1790623618,30,4397,6.19,0,""
1790623648,88,4927,5.55,0,""
1790623678,88,3393,4.69,0,""
1790623708,90,4917,5.39,0,""
1790623738,53,3112,4.46,0,""
1790623768,89,4917,4.27,0,""
1790623799,0,993,5.10,0,""
1790623829,1,4933,6.14,0,""
1790623859,0,484,6.34,0,""
1790623889,1,4269,5.67,0,""
1790623919,88,4927,6.28,0,""
1790623949,91,3393,4.13,0,""
1790623979,87,4927,5.10,0,""
1790624009,2,3086,4.32,0,""
1790624039,98,4957,2.89,0,""
1790624069,0,964,3.56,0,""
1790624099,15,4827,2.97,0,""
1790624129,5,486,4.34,0,""
1790624159,86,4031,2.82,0,""
1790624189,88,4929,2.32,0,""
1790624219,87,3395,4.61,0,""
1790624249,89,4929,7.84,0,""
1790624279,0,3086,6.83,0,""
1790624309,98,4955,9.31,0,""
1790624339,0,484,7.27,0,""
1790624369,30,4397,6.65,0,""
1790624399,86,4927,6.80,0,""
1790624429,85,3393,8.03,0,""
1790624459,88,4927,6.15,0,""
1790624489,73,3083,4.09,0,""
1790624519,88,4917,3.67,0,""
1790624549,0,1020,5.06,0,""
1790624579,6,4917,4.39,0,""
1790624609,0,484,4.51,0,""
1790624639,0,4259,6.39,0,""
1790624669,90,4917,5.46,0,""
1790624699,41,3393,3.70,0,""
1790624729,90,4927,3.95,0,""
1790624759,0,2365,4.86,0,""
1790624789,36,4927,6.41,0,""
1790624820,0,961,4.26,0,""
1790624850,11,4401,2.92,0,""
1790624880,88,4927,3.72,0,""
1790624910,75,3393,3.47,0,""
1790624940,77,4917,7.77,0,""
1790624970,76,3111,5.68,0,""
1790625000,73,4917,7.72,0,""
1790625030,0,2365,7.38,0,""
1790625060,89,5183,5.93,0,""
1790625090,0,484,6.96,0,""
1790625120,53,4701,7.09,0,""
1790625150,77,5143,5.07,0,""
1790625180,45,5143,3.60,0,""
1790625210,83,3403,5.36,0,""
1790625240,52,4694,4.38,0,""
1790625270,79,5138,7.64,0,""
1790625300,95,5131,6.91,0,""
1790625330,61,3084,5.68,0,""
1790625360,86,5133,5.47,0,""
1790625390,58,5133,4.14,0,""
1790625420,0,786,2.75,0,""
1790625450,52,4695,2.21,0,""
1790625480,78,5143,6.22,0,""
1790625510,2,484,4.24,0,""
1790625540,26,4029,4.27,0,""
1790625570,91,5143,3.03,0,""
1790625600,95,5143,3.16,0,""
1790625630,81,3393,2.25,0,""
1790625660,88,5133,2.88,0,""
1790625690,94,5133,5.43,0,""
1790625720,99,3393,3.83,0,""
1790625750,88,5143,4.34,0,""
1790625780,92,5143,4.39,0,""
1790625810,83,3393,5.46,0,""
1790625841,81,5143,6.16,0,""
1790625871,73,5143,6.63,0,""
1790625901,80,3084,4.42,0,""
1790625931,80,5133,4.28,0,""
1790625961,83,5133,6.46,0,""
1790625991,0,2365,5.31,0,""
1790626021,85,5133,3.64,0,""
1790626051,79,5133,3.58,0,""
1790626081,0,1020,2.84,0,""
1790626111,51,4517,2.32,0,""
1790626141,66,5143,4.81,0,""
1790626171,0,484,3.34,0,""
1790626201,3,4685,2.29,0,""
1790626231,87,5111,4.42,0,""
1790626261,92,5111,3.13,0,""
1790626291,90,3393,3.52,0,""
1790626321,88,5143,2.54,0,""
1790626351,93,5143,5.82,0,""
1790626381,92,3084,7.04,0,""
1790626411,79,5143,7.14,0,""
1790626441,79,5143,4.92,0,""
1790626471,99,3112,3.47,0,""
1790626501,90,5133,4.62,0,""
1790626531,88,5133,5.95,0,""
1790626561,0,2365,4.10,0,""
1790626591,8,5133,2.73,0,""
1790626621,85,5133,2.17,0,""
1790626651,0,1084,2.59,0,""
1790626681,52,4531,3.07,0,""
1790626711,89,6139,4.15,0,""
1790626741,90,6139,5.64,0,""
1790626771,88,3084,4.42,0,""
1790626801,70,6081,3.22,0,""
1790626831,0,2365,2.19,0,""
1790626862,9,5143,5.30,0,""
1790626892,89,5143,7.23,0,""
1790626922,5,962,4.76,0,""
1790626952,51,4695,8.99,0,""
1790626982,78,5143,6.03,0,""
1790627012,92,5143,5.46,0,""
1790627042,86,3895,7.57,0,""
1790627072,87,5399,6.09,0,""
1790627102,92,5399,6.30,0,""
1790627132,72,3393,7.35,0,""
1790627162,83,5143,8.01,0,""
1790627192,77,5143,6.24,0,""
1790627222,0,2819,4.19,0,""
1790627252,33,5389,5.93,0,""
1790627282,88,5389,8.74,0,""
1790627312,0,1084,6.83,0,""
1790627342,52,4535,4.93,0,""
1790627372,78,5121,9.46,0,""
1790627402,0,484,7.85,0,""
1790627432,54,4723,9.54,0,""
1790627462,87,5143,8.29,0,""
1790627492,93,5143,8.05,0,""
1790627522,72,3393,7.74,0,""
1790627552,69,6109,6.19,0,""
1790627582,92,6139,5.68,0,""
1790627612,91,6141,4.88,0,""
1790627642,6,2565,5.18,0,""
1790627672,32,5145,7.01,0,""
1790627702,78,5145,5.07,0,""
1790627732,0,486,8.76,0,""
1790627762,13,4032,5.64,0,""
1790627792,88,5123,5.02,0,""
1790627822,92,5123,3.43,0,""
1790627852,99,3423,3.88,0,""
1790627882,82,5135,3.01,0,""
1790627913,78,5133,4.75,0,""
1790627943,0,484,5.93,0,""
1790627973,0,4381,8.19,0,""
1790628003,79,5143,5.42,0,""
1790628033,92,5143,3.87,0,""
1790628063,74,3098,2.54,0,""
1790628093,76,3095,4.24,0,""
1790628123,1,4819,6.67,0,""
1790628153,84,5579,7.30,0,""
1790628183,89,3090,6.83,0,""
1790628213,85,3092,9.91,0,""
1790628243,100,4692,6.56,0,""
1790628273,86,5546,4.55,0,""
1790628303,88,3720,5.01,0,""
1790628333,25,3086,3.30,0,""
1790628363,72,3086,5.29,0,""
1790628393,1,5465,8.30,0,""
1790628423,84,5431,10.80,0,""
1790628453,0,939,8.28,0,""
1790628483,75,3086,10.85,0,""
1790628513,85,3395,10.01,0,""
1790628543,82,5431,8.48,0,""
1790628573,80,5431,5.88,0,""
1790628603,79,3086,4.04,0,""
1790628633,80,3086,5.16,0,""
1790628663,58,4979,10.00,0,""
1790628693,37,5431,7.43,0,""
1790628723,0,994,5.44,0,""
1790628753,82,3342,3.56,0,""
1790628783,83,3651,5.30,0,""
1790628813,81,5687,6.60,0,""
1790628843,80,5687,7.38,0,""
1790628873,95,3086,5.56,0,""
1790628904,99,3086,3.64,0,""
1790628934,58,4979,6.87,0,""
1790628964,89,5431,7.58,0,""
1790628994,12,2361,5.23,0,""
1790629024,84,3086,3.31,0,""
1790629054,85,3395,11.24,0,""
1790629084,80,5431,8.68,0,""
1790629114,81,5431,6.69,0,""
1790629144,82,3086,4.45,0,""
1790629174,81,3086,2.96,0,""
1790629204,57,4621,4.10,0,""
1790629234,67,6811,2.93,0,""
1790629264,90,3086,6.06,0,""
1790629294,91,3086,7.46,0,""
1790629324,0,484,6.98,0,""
1790629354,96,3086,4.79,0,""
1790629384,99,3086,3.33,0,""
1790629414,0,2361,4.52,0,""
1790629444,79,3086,8.34,0,""
1790629474,78,3395,5.67,0,""
1790629504,76,5527,4.36,0,""
1790629534,79,5527,5.89,0,""
1790629564,90,3086,6.42,0,""
1790629594,90,3086,6.13,0,""
1790629624,4,4781,4.28,0,""
1790629654,89,5563,4.51,0,""
1790629684,0,2365,3.24,0,""
1790629714,98,3086,3.45,0,""
1790629744,98,3395,10.12,0,""
1790629774,84,5421,8.38,0,""
1790629804,23,5421,5.95,0,""
1790629834,99,3398,6.48,0,""
1790629864,99,3398,4.89,0,""
1790629894,57,5235,3.59,0,""
1790629925,77,5687,5.75,0,""
1790629955,0,484,7.77,0,""
1790629985,94,3086,8.22,0,""
1790630015,96,3086,8.32,0,""
1790630045,80,5431,5.54,0,""
1790630075,85,5431,5.00,0,""
1790630105,36,3084,3.53,0,""
1790630135,74,3086,8.20,0,""
1790630165,39,4063,5.61,0,""
1790630195,76,5549,4.83,0,""
1790630225,0,484,4.99,0,""
1790630255,91,3086,3.81,0,""
1790630285,90,3086,2.66,0,""
1790630315,0,2361,4.55,0,""
1790630345,99,3114,3.29,0,""
1790630375,99,3451,8.10,0,""
1790630405,96,5421,8.55,0,""
1790630435,79,5421,6.83,0,""
1790630465,73,3086,5.53,0,""
1790630495,73,3086,3.71,0,""
1790630525,58,4979,9.13,0,""
1790630555,86,6759,8.33,0,""
1790630585,95,6759,8.77,0,""
1790630615,83,3086,5.89,0,""
1790630645,84,3086,9.41,0,""
1790630675,57,4969,8.03,0,""
1790630705,78,6749,5.66,0,""
1790630735,81,6749,4.31,0,""
1790630765,74,3086,5.66,0,""
1790630795,49,3086,9.35,0,""
1790630825,57,5007,8.53,0,""
1790630855,89,5431,6.86,0,""
1790630885,0,484,7.03,0,""
1790630916,86,3086,4.52,0,""
1790630946,89,3086,3.05,0,""
1790630976,68,6511,5.64,0,""
1790631006,31,6873,3.88,0,""
1790631036,90,6873,4.64,0,""
1790631066,95,3084,3.46,0,""
1790631096,99,3114,8.19,0,""
1790631126,46,4959,9.06,0,""
1790631156,76,6729,6.32,0,""
1790631186,75,7001,7.56,1,"pid=487518 mem=264MiB cmd=/usr/share/rustdesk/rustdesk --check-hwcodec-config "
1790631216,73,3102,5.19,0,""
1790631246,74,3104,8.89,0,""
1790631276,57,5025,7.89,0,""
1790631306,86,5449,5.73,0,""
1790631336,0,964,6.68,0,""
1790631366,75,3088,5.10,0,""
1790631396,74,3397,3.74,0,""
1790631426,67,6513,4.74,0,""
1790631456,86,6731,6.58,0,""
1790631486,0,964,5.73,0,""
1790631516,94,3088,5.13,0,""
1790631546,89,3395,3.49,0,""
1790631576,81,5541,2.54,0,""
1790631606,86,5541,5.69,0,""
1790631636,74,3086,5.06,0,""
1790631666,74,3086,5.85,0,""
1790631696,58,5007,3.87,0,""
1790631726,85,5431,4.77,0,""
1790631756,0,962,6.89,0,""
1790631786,99,3114,5.67,0,""
1790631816,99,3423,9.36,0,""
1790631846,69,6521,8.06,0,""
1790631876,74,6883,6.91,0,""
1790631906,80,6883,7.57,0,""
1790631937,89,3086,9.29,0,""
1790631967,89,3086,11.00,0,""
1790631997,57,4969,7.23,0,""
1790632027,90,5421,8.88,0,""
1790632057,0,962,5.80,0,""
1790632087,78,3099,7.59,0,""
1790632117,75,3404,4.80,0,""
1790632147,89,5441,4.63,0,""
1790632177,90,5441,3.65,0,""
1790632207,86,3083,4.06,0,""
1790632237,90,3085,2.96,0,""
1790632267,96,4979,6.73,0,""
1790632297,80,5547,4.78,0,""
1790632327,80,5547,4.08,0,""
1790632357,74,3085,5.22,0,""
1790632387,74,3085,4.88,0,""
1790632417,42,4613,3.41,0,""
1790632447,88,5421,4.20,0,""
1790632477,2,2361,5.37,0,""
1790632507,73,3085,3.92,0,""
1790632537,72,3395,5.36,0,""
1790632567,89,5421,4.14,0,""
1790632597,79,5421,7.31,0,""
1790632627,81,3085,4.90,0,""
1790632657,79,3085,3.47,0,""
1790632687,9,4793,2.84,0,""
1790632717,91,5421,6.92,0,""
1790632747,1,938,5.96,0,""
1790632777,83,3357,4.83,0,""
1790632807,82,3667,3.37,0,""
1790632837,57,5703,4.73,0,""
1790632867,36,5703,4.85,0,""
1790632897,0,2563,4.25,0,""
1790632927,95,3085,8.03,0,""
1790632958,65,4092,8.14,0,""
1790632988,39,6759,5.84,0,""
1790633018,85,6759,6.62,0,""
1790633048,0,2365,6.74,0,""
1790633078,84,3085,5.49,0,""
1790633108,36,3680,4.86,0,""
1790633138,89,5431,5.49,0,""
1790633168,98,3251,6.72,1,"pid=512943 mem=2735MiB cmd="
1790633198,80,3085,6.74,0,""
1790633228,81,3085,4.69,0,""
1790633258,82,5465,5.35,0,""
1790633288,72,7007,4.14,0,""
1790633318,86,7007,6.63,0,""
1790633348,99,3108,4.31,0,""
1790633378,48,3086,12.18,0,""
1790633408,90,4029,8.07,0,""
1790633438,95,3113,6.48,0,""
1790633468,95,3113,7.54,0,""
1790633498,58,4979,9.57,0,""
1790633528,86,5431,8.49,0,""
1790633558,0,484,7.62,0,""
1790633588,79,3085,9.39,0,""
1790633618,82,3085,8.36,0,""
1790633648,57,5547,6.56,0,""
1790633678,80,5547,9.76,0,""
1790633708,90,3083,6.52,0,""
1790633738,91,3085,9.89,0,""
1790633768,58,4979,7.50,0,""
1790633798,68,6759,4.99,0,""
1790633828,91,3340,3.46,0,""
1790633858,95,3342,4.57,0,""
1790633888,9,4277,3.32,0,""
1790633918,87,5677,3.97,0,""
1790633949,80,5677,4.66,0,""
1790633979,99,3113,8.06,0,""
1790634009,99,3141,8.34,0,""
1790634039,4,4771,7.27,0,""
1790634069,65,5421,6.59,0,""
1790634099,6,2949,5.71,0,""
1790634129,96,3085,10.06,0,""
1790634159,98,3680,8.37,0,""
1790634189,88,5421,7.84,0,""
1790634219,82,5421,7.95,0,""
1790634249,80,3086,7.93,0,""
1790634279,34,3086,9.01,0,""
1790634309,57,4979,5.96,0,""
1790634339,87,5583,4.19,0,""
1790634369,0,995,4.28,0,""
1790634399,87,3085,7.98,0,""
1790634429,90,3395,5.80,0,""
1790634459,99,3084,3.82,0,""
1790634489,99,3113,8.98,0,""
1790634519,98,4021,8.43,0,""
1790634549,39,6827,5.53,0,""
1790634579,89,6827,6.69,0,""
1790634609,74,3085,4.43,0,""
1790634639,74,3085,6.68,0,""
1790634669,57,5007,6.26,0,""
1790634699,66,6819,4.13,0,""
1790634729,83,6897,4.17,0,""
1790634759,0,938,4.79,0,""
1790634789,84,3088,3.62,0,""
1790634819,83,3397,6.90,0,""
1790634849,79,5423,9.55,0,""
1790634879,89,5423,6.86,0,""
1790634909,36,3086,5.08,0,""
1790634939,74,3088,4.60,0,""
1790634970,60,4031,3.05,0,""
1790635000,87,5433,4.62,0,""
1790635030,0,486,5.75,0,""
1790635060,83,3088,8.00,0,""
1790635090,88,3088,8.73,0,""
1790635120,82,5423,5.78,0,""
1790635150,55,5421,5.17,0,""
1790635180,1,2361,4.77,0,""
1790635210,99,3085,5.98,0,""
1790635240,95,3395,8.40,0,""
1790635270,90,5431,7.10,0,""
1790635300,85,5431,6.58,0,""
1790635330,73,3342,7.31,0,""
1790635360,42,3342,6.77,0,""
1790635390,59,4849,4.63,0,""
1790635420,80,5687,6.27,0,""
1790635450,0,2381,4.24,0,""
1790635480,75,3085,9.91,0,""
1790635510,75,3680,6.82,0,""
1790635540,3,6801,4.58,0,""
1790635570,84,6739,3.48,0,""
1790635600,0,2381,2.69,0,""
1790635630,96,3113,7.01,0,""
1790635660,94,3395,5.04,0,""
1790635690,85,5517,3.47,0,""
1790635720,76,5517,3.06,0,""
1790635750,76,3085,5.28,0,""
1790635780,74,3085,8.90,0,""
1790635810,58,5007,5.75,0,""
1790635840,87,5495,5.42,0,""
1790635870,0,484,6.45,0,""
1790635900,99,3398,4.37,0,""
1790635930,69,3398,4.64,0,""
1790635960,80,5825,5.88,0,""
1790635991,87,5825,4.10,0,""
1790636021,87,3085,2.85,0,""
1790636051,86,3085,5.40,0,""
1790636081,57,4969,8.50,0,""
1790636111,87,5421,9.31,0,""
1790636141,0,961,6.30,0,""
1790636171,84,3353,4.07,0,""
1790636201,79,3664,7.98,0,""
1790636231,69,6786,7.10,0,""
1790636261,90,7004,5.87,0,""
1790636291,81,7000,5.20,0,""
1790636321,84,3091,4.88,0,""
1790636351,85,3091,4.40,0,""
1790636381,57,4984,8.19,0,""
1790636411,89,6739,6.85,0,""
1790636441,82,6739,6.03,0,""
1790636471,76,3086,6.02,0,""
1790636501,75,3086,8.76,0,""
1790636531,58,4997,6.78,0,""
1790636561,89,5555,6.11,0,""
1790636591,4,2365,5.31,0,""
1790636621,75,3086,7.70,0,""
1790636651,77,3395,4.79,0,""
1790636681,90,5431,4.62,0,""
1790636711,82,5431,4.49,0,""
1790636741,82,3342,6.43,0,""
1790636771,82,3342,11.05,0,""
1790636801,58,5235,7.26,0,""
1790636831,19,6995,4.95,0,""
1790636861,91,6995,6.74,0,""
1790636891,63,3086,6.31,0,""
1790636921,82,3086,7.39,0,""
1790636951,57,4979,4.76,0,""
1790636981,86,5431,4.57,0,""
1790637012,0,485,5.26,0,""
1790637042,93,3086,7.96,0,""
1790637072,34,3379,5.44,0,""
1790637102,81,5431,3.93,0,""
1790637132,80,5431,4.79,0,""
1790637162,85,3342,6.06,0,""
1790637192,84,3342,8.41,0,""
1790637222,57,5225,5.49,0,""
1790637252,90,5677,6.86,0,""
1790637282,0,994,7.24,0,""
1790637312,35,3086,5.88,0,""
1790637342,83,3395,10.90,0,""
1790637372,75,5611,7.67,0,""
1790637402,96,3455,5.34,0,""
1790637432,89,3086,3.96,0,""
1790637462,90,3086,10.19,0,""
1790637492,0,484,10.50,0,""
1790637522,95,3114,10.52,0,""
1790637552,93,3114,8.41,0,""
1790637582,82,5431,6.57,0,""
1790637612,78,5431,6.08,0,""
1790637642,78,3086,4.00,0,""
1790637672,79,3086,10.91,0,""
1790637702,58,4979,7.40,0,""
1790637732,95,5431,5.23,0,""
1790637762,0,962,6.72,0,""
1790637792,92,3086,7.97,0,""
1790637822,87,3395,8.48,0,""
1790637852,69,6521,5.70,0,""
1790637882,87,6865,5.37,0,""
1790637912,69,6865,3.88,0,""
1790637942,94,3086,3.62,0,""
1790637973,94,3086,3.81,0,""
1790638003,58,4979,8.91,0,""
1790638033,80,6739,6.45,0,""
1790638063,34,6739,6.82,0,""
1790638093,99,3112,8.02,0,""
1790638123,90,3142,10.48,0,""
1790638153,58,4969,7.91,0,""
1790638183,87,5421,7.40,0,""
1790638213,78,3710,9.03,0,""
1790638243,94,3086,5.75,0,""
1790638273,99,3086,9.08,0,""
1790638303,57,5001,8.39,0,""
1790638333,92,5431,8.35,0,""
1790638363,1,974,5.46,0,""
1790638393,80,3088,8.76,0,""
1790638423,84,3397,8.46,0,""
1790638453,94,5577,8.63,0,""
1790638483,86,3722,6.02,0,""
1790638513,87,3088,8.55,0,""
1790638543,88,3088,6.96,0,""
1790638573,0,487,7.54,0,""
1790638603,99,3144,6.33,0,""
1790638633,99,3144,7.95,0,""
1790638663,89,5545,5.31,0,""
1790638693,92,5545,4.60,0,""
1790638723,75,3088,3.28,0,""
1790638753,75,3086,2.49,0,""
1790638783,57,4987,3.02,0,""
1790638813,89,5438,5.29,0,""
1790638843,83,3259,4.72,1,"pid=591507 mem=2735MiB cmd="
1790638873,82,3093,3.76,0,""
1790638903,73,3093,4.86,0,""
1790638933,46,5408,6.97,0,""
1790638964,87,6910,4.62,0,""
1790638994,75,3093,2.98,0,""
1790639024,73,3093,8.49,0,""
1790639054,57,5004,8.54,0,""
1790639084,86,5428,7.21,0,""
1790639114,0,962,5.18,0,""
1790639144,90,3086,3.49,0,""
1790639174,87,3395,9.57,0,""
1790639204,80,5561,9.58,0,""
1790639234,84,5561,7.75,0,""
1790639264,99,3114,9.63,0,""
1790639294,95,3114,8.12,0,""
1790639324,57,4991,5.29,0,""
1790639354,82,5501,5.13,0,""
1790639384,75,3084,4.91,0,""
1790639414,73,3086,3.33,0,""
1790639444,0,4061,4.10,0,""
1790639474,86,5431,4.78,0,""
1790639504,90,5431,5.73,0,""
1790639534,72,3086,6.19,0,""
1790639564,74,3086,4.34,0,""
1790639594,57,5015,4.78,0,""
1790639624,83,5434,6.47,0,""
1790639654,0,2370,5.45,0,""
1790639684,95,3095,3.74,0,""
1790639714,95,3401,4.39,0,""
1790639744,67,6519,3.13,0,""
1790639774,61,6737,3.45,0,""
1790639804,0,2387,2.73,0,""
1790639834,74,3092,2.15,0,""
1790639864,46,3686,4.68,0,""
1790639894,87,5427,4.43,0,""
1790639924,0,490,3.24,0,""
1790639954,64,3120,3.01,0,""
1790639985,99,3120,7.95,0,""
1790640015,75,5472,6.79,0,""
1790640045,77,5472,7.73,0,""
1790640075,87,3085,10.07,0,""
1790640105,87,3085,10.99,0,""
1790640135,58,4978,7.28,0,""
1790640165,85,5430,6.58,0,""
1790640195,0,486,7.50,0,""
1790640225,0,854,4.61,0,""
1790640255,83,3414,3.08,0,""
1790640285,82,3414,2.26,0,""
1790640315,83,3407,1.84,0,""
1790640345,75,3407,1.51,0,""
1790640375,0,492,1.31,0,""
1790640405,65,2163,0.87,0,""
1790640435,65,2166,0.92,0,""
1790640465,65,2165,0.94,0,""
1790640495,66,2164,0.90,0,""
1790640525,59,2177,0.99,0,""
1790640555,59,2166,1.00,0,""
1790640585,65,2166,1.00,0,""
1790640615,0,842,1.08,0,""
1790640721,0,496,0.78,0,""
1790640751,59,5001,4.49,0,""
1790640781,68,6793,3.12,0,""
1790640811,89,6971,4.37,0,""
1790640841,0,2375,5.06,0,""
1790640871,90,4926,7.94,0,""
1790640901,0,494,6.28,0,""
1790640931,53,4701,8.00,0,""
1790640961,88,6145,5.24,0,""
1790640991,89,6145,4.43,0,""
1790641021,75,3346,4.19,0,""
1790641051,40,5469,2.88,0,""
1790641081,75,5469,4.13,0,""
1790641111,95,5469,4.19,0,""
1790641141,74,3092,3.50,0,""
1790641171,74,3092,5.23,0,""
1790641201,57,4975,9.80,0,""
1790641231,87,5546,10.46,0,""
1790641261,0,484,10.21,0,""
1790641291,82,3085,6.44,0,""
1790641321,81,3085,11.92,0,""
1790641351,81,5420,7.95,0,""
1790641381,87,5420,6.62,0,""
1790641411,0,2364,5.63,0,""
1790641441,57,3085,7.42,0,""
1790641471,84,3394,5.35,0,""
1790641501,6,6020,4.22,0,""
1790641531,0,484,3.06,0,""
1790641561,0,484,2.24,0,""
1790641592,0,484,1.75,0,""
1790641622,0,484,1.45,0,""
1790641652,0,484,1.27,0,""
1790641682,0,484,1.16,0,""
1790641712,0,484,1.10,0,""
1790641742,0,484,1.06,0,""
1790641772,0,484,1.03,0,""
1790641802,0,484,1.02,0,""
1790641832,0,484,1.01,0,""
1790641862,0,484,1.01,0,""
1790641892,0,484,1.00,0,""
1790641922,0,484,1.06,0,""
1790641952,0,484,1.04,0,""
1790641982,0,484,1.02,0,""
1790642012,0,486,1.01,0,""
1790642042,0,486,1.07,0,""
1790642072,0,486,1.04,0,""
1790642102,0,486,1.02,0,""
1790642132,0,486,1.01,0,""
1790642162,0,486,1.01,0,""
1790642192,0,486,1.00,0,""
1790642222,0,486,1.00,0,""
1790642252,0,486,1.00,0,""
1790642282,0,486,1.00,0,""
1790642312,0,486,1.00,0,""
1790642342,0,484,1.00,0,""
1790642372,0,484,1.00,0,""
1790642402,0,484,1.00,0,""
1790642432,0,484,1.00,0,""
1790642463,0,484,1.00,0,""
1790642493,0,484,1.00,0,""
1790642523,0,484,1.00,0,""
1790642553,0,484,1.00,0,""
1790642583,0,484,1.00,0,""
1790642613,0,484,1.00,0,""
1790642643,0,484,1.00,0,""
1790642673,0,484,1.00,0,""
1790642703,0,484,1.00,0,""
1790642733,0,484,1.00,0,""
1790642763,0,484,1.07,0,""
1790642793,0,484,1.04,0,""
1790642823,0,484,1.02,0,""
1790642853,0,484,1.01,0,""
1790642883,0,484,1.06,0,""
1790642913,0,484,1.04,0,""
1790642943,0,484,1.02,0,""
1790642973,0,484,1.01,0,""
1790643003,0,484,1.07,0,""
1790643033,0,484,1.04,0,""
1790643063,0,484,1.03,0,""
1790643093,0,484,1.01,0,""
1790643123,0,484,1.09,0,""
1790643153,0,484,1.11,0,""
1790643183,0,484,1.07,0,""
1790643213,0,484,1.04,0,""
1790643243,0,484,1.02,0,""
1790643273,0,484,1.01,0,""
1790643303,0,484,1.01,0,""
1790643334,0,484,1.00,0,""
1790643364,0,484,1.00,0,""
1790643394,0,484,1.00,0,""
1790643424,0,484,1.05,0,""
1790643454,0,484,1.03,0,""
1790643484,2,484,1.02,0,""
1790643514,2,484,1.01,0,""
1790643544,2,484,1.00,0,""
1790643574,2,484,1.00,0,""
1790643604,2,484,1.00,0,""
1790643634,2,484,1.00,0,""
1790643664,2,484,1.08,0,""
1790643694,2,484,1.05,0,""
1790643724,2,484,1.03,0,""
1790643754,2,484,1.02,0,""
1790643784,2,484,1.13,0,""
1790643814,2,484,1.08,0,""
1790643844,2,484,1.05,0,""
1790643874,2,484,1.03,0,""
1790643904,2,484,1.02,0,""
1790643934,2,484,1.01,0,""
1790643964,2,484,1.00,0,""
1790643994,0,484,1.00,0,""
1790644024,0,484,1.00,0,""
1790644054,0,484,1.07,0,""
1790644084,0,484,1.04,0,""
1790644114,0,484,1.02,0,""
1790644144,0,484,1.01,0,""
1790644174,0,484,1.01,0,""
1790644204,0,484,1.00,0,""
1790644235,0,484,1.00,0,""
1790644265,0,484,1.00,0,""
1790644295,0,484,1.06,0,""
1790644325,0,484,1.04,0,""
1790644355,0,484,1.02,0,""
1790644385,0,484,1.01,0,""
1790644415,0,484,1.01,0,""
1790644445,0,484,1.00,0,""
1790644475,0,484,1.00,0,""
1790644505,0,484,1.00,0,""
1790644535,0,484,1.00,0,""
1790644565,0,484,1.00,0,""
1790644595,0,484,1.00,0,""
1790644625,0,484,1.07,0,""
1790644655,0,484,1.04,0,""
1790644685,0,484,1.02,0,""
1790644715,0,484,1.08,0,""
1790644745,0,484,1.04,0,""
1790644775,0,484,1.03,0,""
1790644805,0,484,1.01,0,""
1790644835,0,484,1.01,0,""
1790644865,0,484,1.00,0,""
1790644895,0,484,1.00,0,""
1790644925,0,484,1.07,0,""
1790644955,0,484,1.04,0,""
1790644985,0,484,1.02,0,""
1790645015,0,484,1.01,0,""
1790645045,0,484,1.01,0,""
1790645075,0,484,1.00,0,""
1790645106,0,484,1.00,0,""
1790645136,0,484,1.00,0,""
1790645166,0,484,1.00,0,""
1790645196,0,484,1.00,0,""
1790645226,0,484,1.00,0,""
1790645256,0,484,1.00,0,""
1790645286,0,484,1.00,0,""
1790645316,0,484,1.00,0,""
1790645346,0,484,1.07,0,""
1790645376,0,484,1.04,0,""
1790645406,0,484,1.02,0,""
1790645436,0,484,1.01,0,""
1790645466,0,484,1.01,0,""
1790645496,0,484,1.00,0,""
1790645526,0,484,1.00,0,""
1790645556,0,484,1.00,0,""
1790645586,0,484,1.08,0,""
1790645616,0,486,2.89,0,""
1790645646,0,486,2.15,0,""
1790645676,0,486,1.69,0,""
1790645706,0,486,1.42,0,""
1790645736,0,486,1.25,0,""
1790645766,0,486,1.15,0,""
1790645796,0,486,1.09,0,""
1790645826,0,486,1.05,0,""
1790645856,0,486,1.03,0,""
1790645886,0,486,1.02,0,""
1790645916,0,486,1.01,0,""
1790645946,0,484,1.00,0,""
1790645976,0,484,1.06,0,""
1790646007,0,484,1.04,0,""
1790646037,0,484,1.02,0,""
1790646067,0,484,1.01,0,""
1790646097,0,484,1.01,0,""
1790646127,0,484,1.00,0,""
1790646157,0,484,1.00,0,""
1790646187,0,484,1.00,0,""
1790646217,0,484,1.00,0,""
1790646247,0,484,1.00,0,""
1790646277,0,484,1.07,0,""
1790646307,0,484,1.04,0,""
1790646337,0,484,1.02,0,""
1790646367,0,484,1.09,0,""
1790646397,0,484,1.05,0,""
1790646427,0,484,1.03,0,""
1790646457,0,484,1.02,0,""
1790646487,0,484,1.01,0,""
1790646517,0,484,1.00,0,""
1790646547,0,484,1.00,0,""
1790646577,0,484,1.00,0,""
1790646607,0,484,1.00,0,""
1790646637,0,484,1.00,0,""
1790646667,0,484,1.00,0,""
1790646697,0,484,1.00,0,""
1790646727,0,484,1.00,0,""
1790646757,0,484,1.00,0,""
1790646787,0,484,1.00,0,""
1790646817,0,484,1.00,0,""
1790646847,0,484,1.00,0,""
1790646878,0,484,1.00,0,""
1790646908,0,484,1.05,0,""
1790646938,0,484,1.03,0,""
1790646968,0,484,1.10,0,""
1790646998,0,484,1.06,0,""
1790647028,0,484,1.03,0,""
