seed,object,published,dxy_mm,dz_mm,dyaw_deg,tag_dxy_mm,tag_dz_mm,n_tf,cam1_rate,cam2_rate,n_cams,cam1_proc,cam2_proc,gt_x,gt_y,gt_yaw,tag_x,tag_y
0,beaker,1,0.83,5.68,-0.06,0.82,5.79,8018,1.000,1.000,2,481,578,0.5007,0.1977,15.7,0.6451,0.2383
0,flask,1,0.76,-1.31,0.40,0.18,0.16,8017,0.000,1.000,1,481,578,0.5273,0.3632,-179.0,0.3774,0.3607
1,beaker,1,1.04,7.01,0.03,1.22,6.91,7542,1.000,1.000,2,461,458,0.5228,0.1657,17.9,0.6655,0.2117
1,flask,1,0.87,1.44,0.03,0.94,1.39,7541,1.000,1.000,2,461,458,0.4366,0.357,13.7,0.5823,0.3926
2,beaker,1,1.41,5.77,-0.09,1.55,5.24,7699,1.000,0.000,1,391,488,0.4588,0.1303,-81.0,0.4822,-0.0179
2,flask,1,1.75,-3.05,0.18,1.66,-3.28,7698,1.000,1.000,2,391,488,0.4996,0.3379,-126.0,0.4115,0.2165
3,beaker,0,nan,nan,nan,nan,nan,0,0.000,0.000,0,483,613,0.4879,0.1407,84.4,0.5024,0.29
3,flask,1,4.02,-5.59,-0.02,4.19,-5.41,7381,1.000,1.000,2,483,613,0.4452,0.3208,6.0,0.5944,0.3365
4,beaker,1,1.52,-1.02,0.05,1.62,-1.25,7247,1.000,1.000,2,405,483,0.5202,0.1422,133.8,0.4164,0.2505
4,flask,1,2.35,-2.74,0.01,2.68,-3.04,7246,1.000,1.000,2,405,483,0.4882,0.3719,-8.2,0.6367,0.3504
5,beaker,1,2.73,0.70,-0.10,2.53,0.82,7825,1.000,1.000,2,447,554,0.4808,0.1293,-162.4,0.3378,0.084
5,flask,1,1.50,1.76,0.22,1.14,0.83,7824,1.000,1.000,2,447,554,0.5337,0.3469,-95.6,0.5192,0.1976
6,beaker,1,1.49,7.08,-0.01,1.60,7.77,6792,1.000,1.000,2,348,374,0.5074,0.1577,64.8,0.5714,0.2934
6,flask,1,1.92,1.01,0.04,1.79,0.82,6791,1.000,1.000,2,348,374,0.4461,0.2868,126.1,0.3578,0.4081
7,beaker,0,nan,nan,nan,nan,nan,0,0.000,0.000,0,430,463,0.4405,0.2069,106.9,0.3968,0.3504
7,flask,1,0.65,-1.28,0.12,0.08,-0.23,6742,1.000,0.000,1,430,463,0.4806,0.312,-79.8,0.5073,0.1643
8,beaker,1,1.42,0.47,-0.12,1.20,0.24,6966,1.000,1.000,2,540,533,0.4838,0.162,-141.5,0.3664,0.0686
8,flask,0,nan,nan,nan,nan,nan,0,0.000,0.000,0,540,533,0.4817,0.3058,-87.4,0.4885,0.1559
9,beaker,1,1.14,5.21,-0.04,1.42,3.95,6203,1.000,1.000,2,382,483,0.526,0.2166,-170.4,0.3781,0.1916
9,flask,0,nan,nan,nan,nan,nan,0,0.000,0.000,0,382,483,0.4776,0.3302,-156.5,0.3399,0.2704
10,beaker,1,1.53,5.76,0.01,1.28,5.61,6770,1.000,1.000,2,373,361,0.5089,0.2089,-26.8,0.6428,0.1413
10,flask,1,31.33,-59.84,0.12,35.92,-62.09,6769,1.000,0.000,1,373,361,0.5295,0.3642,-58.2,0.6085,0.2367
11,beaker,1,2.20,-0.20,0.16,2.54,-0.66,8179,0.000,1.000,1,518,604,0.447,0.1377,161.4,0.3049,0.1856
11,flask,1,2.94,-4.40,0.02,2.98,-2.24,8178,1.000,1.000,2,518,604,0.496,0.3186,4.1,0.6456,0.3293
12,beaker,1,1.70,1.49,-0.30,1.10,2.18,7402,1.000,1.000,2,405,512,0.507,0.1363,142.7,0.3878,0.2272
12,flask,1,1.59,4.12,0.09,1.46,3.99,7401,1.000,1.000,2,405,512,0.5196,0.2819,14.9,0.6646,0.3206
13,beaker,1,1.82,0.97,0.16,2.19,0.28,6648,1.000,1.000,2,327,384,0.5014,0.125,147.7,0.3745,0.2051
13,flask,1,1.35,5.83,0.05,1.44,5.63,6647,1.000,1.000,2,327,384,0.5323,0.3103,112.9,0.4739,0.4484
14,beaker,1,1.19,3.61,0.08,1.16,3.88,6313,1.000,1.000,2,273,301,0.5162,0.1964,-11.8,0.6631,0.1657
14,flask,1,0.83,1.09,0.03,0.71,0.42,6312,1.000,1.000,2,273,301,0.4911,0.3563,-157.1,0.3529,0.298
15,beaker,1,1.18,5.88,0.12,1.28,5.87,6767,1.000,1.000,2,332,408,0.5119,0.1593,-15.5,0.6564,0.1193
15,flask,1,2.17,2.59,0.02,2.06,2.28,6765,1.000,1.000,2,332,408,0.5314,0.3598,123.8,0.4481,0.4845
16,beaker,1,1.11,1.46,0.00,0.76,1.15,7957,1.000,1.000,2,505,568,0.5275,0.2102,-164.1,0.3832,0.1689
16,flask,1,0.48,1.05,0.13,0.12,0.03,7956,0.000,1.000,1,505,568,0.503,0.3775,174.6,0.3537,0.3917
17,beaker,0,nan,nan,nan,nan,nan,0,0.000,0.000,0,394,460,0.4828,0.1859,85.1,0.4956,0.3353
17,flask,0,nan,nan,nan,nan,nan,0,0.000,0.000,0,394,460,0.4354,0.3071,37.5,0.5544,0.3984
18,beaker,1,0.70,3.07,0.20,0.48,3.45,6566,1.000,1.000,2,288,411,0.5044,0.1824,-8.9,0.6526,0.1593
18,flask,1,2.63,0.05,0.07,2.75,1.12,6565,1.000,1.000,2,288,411,0.4461,0.313,85.0,0.4591,0.4625
19,beaker,1,3.03,7.45,-0.27,2.14,6.70,8076,1.000,0.000,1,488,579,0.5181,0.1786,-67.8,0.5748,0.0397
19,flask,1,1.49,5.95,-0.01,1.29,5.79,8075,1.000,1.000,2,488,579,0.5255,0.3745,-22.9,0.6637,0.3162
20,beaker,0,nan,nan,nan,nan,nan,0,0.000,0.000,0,450,557,0.4499,0.2234,69.9,0.5015,0.3642
20,flask,0,nan,nan,nan,nan,nan,0,0.000,0.000,0,450,557,0.4787,0.3457,-82.6,0.498,0.1969
21,beaker,1,0.29,3.30,0.07,0.06,2.74,7828,0.000,1.000,1,439,565,0.4823,0.136,165.0,0.3375,0.1749
21,flask,1,1.20,2.89,0.03,1.30,2.28,7827,1.000,1.000,2,439,565,0.5014,0.3014,61.9,0.572,0.4337
22,beaker,1,0.46,2.49,0.07,0.25,2.11,7195,1.000,1.000,2,474,377,0.5252,0.2084,-161.5,0.3829,0.1608
22,flask,1,1.68,-2.12,-0.12,1.68,-2.36,7194,1.000,1.000,2,474,377,0.4894,0.3424,-161.9,0.3467,0.2959
23,beaker,0,nan,nan,nan,nan,nan,0,0.000,0.000,0,302,347,0.4602,0.1466,78.0,0.4914,0.2933
23,flask,1,2.52,3.56,-0.02,3.00,4.99,5658,1.000,0.000,1,302,347,0.4809,0.3232,-54.3,0.5684,0.2014
24,beaker,0,nan,nan,nan,nan,nan,0,0.000,0.000,0,516,516,0.5274,0.1334,87.3,0.5345,0.2832
24,flask,1,1.16,1.68,0.00,1.13,2.11,6997,1.000,1.000,2,516,516,0.5159,0.3529,-32.4,0.6425,0.2724
25,beaker,1,2.29,-1.90,-0.03,2.42,-1.71,7849,1.000,1.000,2,483,478,0.5391,0.2034,-136.3,0.4306,0.0999
25,flask,1,0.33,0.72,-0.11,0.14,0.37,7848,0.000,1.000,1,483,478,0.4564,0.3583,150.1,0.3264,0.4332
26,beaker,1,1.72,6.45,-0.05,1.81,6.86,6722,1.000,1.000,2,343,411,0.5034,0.1417,19.6,0.6448,0.1919
26,flask,1,60.63,26.14,-13.13,12.89,-22.64,6721,1.000,0.000,1,343,411,0.4514,0.3323,-56.9,0.5334,0.2067
27,beaker,1,0.59,4.11,0.04,0.81,3.95,7103,1.000,0.000,1,421,540,0.441,0.1446,-74.5,0.4811,0.0001
27,flask,0,nan,nan,nan,nan,nan,0,0.000,0.000,0,421,540,0.5282,0.322,-114.5,0.4659,0.1856
28,beaker,1,2.04,2.76,0.16,1.74,2.52,6493,1.000,1.000,2,317,409,0.5276,0.2198,11.7,0.6745,0.2504
28,flask,1,1.31,4.97,-0.04,1.22,4.56,6492,1.000,1.000,2,317,409,0.5123,0.3146,114.5,0.4501,0.4511
29,beaker,1,7.05,-5.22,-0.06,6.96,-6.51,7149,1.000,1.000,2,428,419,0.4794,0.1628,-171.6,0.331,0.1407
29,flask,1,1.05,1.22,0.22,1.59,0.28,7148,1.000,1.000,2,428,419,0.4577,0.3605,42.3,0.5685,0.4615
